test,from_core,to_core,avg_latency
CAS,0,0,0.0
CAS,0,1,0.0
CAS,0,2,36.0
CAS,0,3,0.0
CAS,0,4,0.0
CAS,0,5,0.0
CAS,0,6,0.0
CAS,0,7,0.0
CAS,0,8,36.0
CAS,0,9,0.0
CAS,0,10,0.0
CAS,0,11,0.0
CAS,1,0,35.0
CAS,1,1,0.0
CAS,1,2,36.0
CAS,1,3,0.0
CAS,1,4,0.0
CAS,1,5,0.0
CAS,1,6,0.0
CAS,1,7,0.0
CAS,1,8,36.0
CAS,1,9,0.0
CAS,1,10,0.0
CAS,1,11,0.0
CAS,2,0,0.0
CAS,2,1,0.0
CAS,2,2,0.0
CAS,2,3,360.0
CAS,2,4,0.0
CAS,2,5,0.0
CAS,2,6,0.0
CAS,2,7,0.0
CAS,2,8,0.0
CAS,2,9,0.0
CAS,2,10,36.0
CAS,2,11,0.0
CAS,3,0,0.0
CAS,3,1,0.0
CAS,3,2,36.0
CAS,3,3,35.0
CAS,3,4,0.0
CAS,3,5,0.0
CAS,3,6,0.0
CAS,3,7,0.0
CAS,3,8,0.0
CAS,3,9,0.0
CAS,3,10,0.0
CAS,3,11,0.0
CAS,4,0,0.0
CAS,4,1,36.0
CAS,4,2,0.0
CAS,4,3,0.0
CAS,4,4,0.0
CAS,4,5,0.0
CAS,4,6,0.0
CAS,4,7,0.0
CAS,4,8,36.0
CAS,4,9,0.0
CAS,4,10,35.0
CAS,4,11,0.0
CAS,5,0,0.0
CAS,5,1,0.0
CAS,5,2,0.0
CAS,5,3,0.0
CAS,5,4,0.0
CAS,5,5,0.0
CAS,5,6,0.0
CAS,5,7,0.0
CAS,5,8,0.0
CAS,5,9,0.0
CAS,5,10,0.0
CAS,5,11,0.0
CAS,6,0,0.0
CAS,6,1,0.0
CAS,6,2,0.0
CAS,6,3,0.0
CAS,6,4,0.0
CAS,6,5,0.0
CAS,6,6,0.0
CAS,6,7,0.0
CAS,6,8,0.0
CAS,6,9,0.0
CAS,6,10,0.0
CAS,6,11,0.0
CAS,7,0,0.0
CAS,7,1,0.0
CAS,7,2,0.0
CAS,7,3,0.0
CAS,7,4,0.0
CAS,7,5,0.0
CAS,7,6,0.0
CAS,7,7,0.0
CAS,7,8,0.0
CAS,7,9,36.0
CAS,7,10,0.0
CAS,7,11,36.0
CAS,8,0,0.0
CAS,8,1,36.0
CAS,8,2,36.0
CAS,8,3,35.0
CAS,8,4,0.0
CAS,8,5,0.0
CAS,8,6,0.0
CAS,8,7,0.0
CAS,8,8,35.0
CAS,8,9,0.0
CAS,8,10,0.0
CAS,8,11,468.0
CAS,9,0,0.0
CAS,9,1,0.0
CAS,9,2,0.0
CAS,9,3,0.0
CAS,9,4,36.0
CAS,9,5,0.0
CAS,9,6,35.0
CAS,9,7,36.0
CAS,9,8,324.0
CAS,9,9,0.0
CAS,9,10,0.0
CAS,9,11,0.0
CAS,10,0,0.0
CAS,10,1,0.0
CAS,10,2,0.0
CAS,10,3,0.0
CAS,10,4,0.0
CAS,10,5,0.0
CAS,10,6,0.0
CAS,10,7,0.0
CAS,10,8,36.0
CAS,10,9,0.0
CAS,10,10,0.0
CAS,10,11,0.0
CAS,11,0,0.0
CAS,11,1,0.0
CAS,11,2,36.0
CAS,11,3,36.0
CAS,11,4,0.0
CAS,11,5,0.0
CAS,11,6,0.0
CAS,11,7,0.0
CAS,11,8,0.0
CAS,11,9,0.0
CAS,11,10,0.0
CAS,11,11,0.0
FAI,0,0,0.0
FAI,0,1,0.0
FAI,0,2,0.0
FAI,0,3,0.0
FAI,0,4,0.0
FAI,0,5,0.0
FAI,0,6,0.0
FAI,0,7,0.0
FAI,0,8,0.0
FAI,0,9,0.0
FAI,0,10,0.0
FAI,0,11,36.0
FAI,1,0,0.0
FAI,1,1,0.0
FAI,1,2,0.0
FAI,1,3,0.0
FAI,1,4,324.0
FAI,1,5,0.0
FAI,1,6,0.0
FAI,1,7,36.0
FAI,1,8,0.0
FAI,1,9,0.0
FAI,1,10,0.0
FAI,1,11,0.0
FAI,2,0,0.0
FAI,2,1,0.0
FAI,2,2,0.0
FAI,2,3,0.0
FAI,2,4,0.0
FAI,2,5,0.0
FAI,2,6,0.0
FAI,2,7,0.0
FAI,2,8,0.0
FAI,2,9,0.0
FAI,2,10,0.0
FAI,2,11,0.0
FAI,3,0,0.0
FAI,3,1,0.0
FAI,3,2,0.0
FAI,3,3,35.0
FAI,3,4,0.0
FAI,3,5,36.0
FAI,3,6,0.0
FAI,3,7,0.0
FAI,3,8,0.0
FAI,3,9,0.0
FAI,3,10,0.0
FAI,3,11,0.0
FAI,4,0,0.0
FAI,4,1,36.0
FAI,4,2,0.0
FAI,4,3,0.0
FAI,4,4,0.0
FAI,4,5,0.0
FAI,4,6,0.0
FAI,4,7,0.0
FAI,4,8,0.0
FAI,4,9,0.0
FAI,4,10,0.0
FAI,4,11,0.0
FAI,5,0,35.0
FAI,5,1,0.0
FAI,5,2,0.0
FAI,5,3,35.0
FAI,5,4,0.0
FAI,5,5,0.0
FAI,5,6,0.0
FAI,5,7,504.0
FAI,5,8,0.0
FAI,5,9,0.0
FAI,5,10,0.0
FAI,5,11,0.0
FAI,6,0,0.0
FAI,6,1,0.0
FAI,6,2,0.0
FAI,6,3,0.0
FAI,6,4,0.0
FAI,6,5,36.0
FAI,6,6,0.0
FAI,6,7,0.0
FAI,6,8,0.0
FAI,6,9,36.0
FAI,6,10,0.0
FAI,6,11,36.0
FAI,7,0,0.0
FAI,7,1,0.0
FAI,7,2,36.0
FAI,7,3,0.0
FAI,7,4,0.0
FAI,7,5,0.0
FAI,7,6,35.0
FAI,7,7,0.0
FAI,7,8,0.0
FAI,7,9,35.0
FAI,7,10,36.0
FAI,7,11,0.0
FAI,8,0,0.0
FAI,8,1,0.0
FAI,8,2,0.0
FAI,8,3,0.0
FAI,8,4,0.0
FAI,8,5,0.0
FAI,8,6,0.0
FAI,8,7,0.0
FAI,8,8,0.0
FAI,8,9,0.0
FAI,8,10,0.0
FAI,8,11,0.0
FAI,9,0,0.0
FAI,9,1,0.0
FAI,9,2,36.0
FAI,9,3,0.0
FAI,9,4,0.0
FAI,9,5,0.0
FAI,9,6,0.0
FAI,9,7,0.0
FAI,9,8,0.0
FAI,9,9,0.0
FAI,9,10,0.0
FAI,9,11,0.0
FAI,10,0,0.0
FAI,10,1,0.0
FAI,10,2,36.0
FAI,10,3,36.0
FAI,10,4,0.0
FAI,10,5,36.0
FAI,10,6,0.0
FAI,10,7,0.0
FAI,10,8,0.0
FAI,10,9,0.0
FAI,10,10,35.0
FAI,10,11,0.0
FAI,11,0,0.0
FAI,11,1,0.0
FAI,11,2,0.0
FAI,11,3,0.0
FAI,11,4,0.0
FAI,11,5,0.0
FAI,11,6,0.0
FAI,11,7,0.0
FAI,11,8,36.0
FAI,11,9,0.0
FAI,11,10,0.0
FAI,11,11,0.0
TAS,0,0,0.0
TAS,0,1,0.0
TAS,0,2,0.0
TAS,0,3,36.0
TAS,0,4,0.0
TAS,0,5,0.0
TAS,0,6,35.0
TAS,0,7,36.0
TAS,0,8,0.0
TAS,0,9,0.0
TAS,0,10,0.0
TAS,0,11,0.0
TAS,1,0,0.0
TAS,1,1,0.0
TAS,1,2,36.0
TAS,1,3,0.0
TAS,1,4,0.0
TAS,1,5,0.0
TAS,1,6,0.0
TAS,1,7,0.0
TAS,1,8,0.0
TAS,1,9,0.0
TAS,1,10,0.0
TAS,1,11,36.0
TAS,2,0,35.0
TAS,2,1,0.0
TAS,2,2,0.0
TAS,2,3,0.0
TAS,2,4,0.0
TAS,2,5,0.0
TAS,2,6,0.0
TAS,2,7,0.0
TAS,2,8,0.0
TAS,2,9,0.0
TAS,2,10,0.0
TAS,2,11,0.0
TAS,3,0,0.0
TAS,3,1,36.0
TAS,3,2,0.0
TAS,3,3,0.0
TAS,3,4,0.0
TAS,3,5,0.0
TAS,3,6,0.0
TAS,3,7,0.0
TAS,3,8,0.0
TAS,3,9,0.0
TAS,3,10,0.0
TAS,3,11,0.0
TAS,4,0,0.0
TAS,4,1,36.0
TAS,4,2,36.0
TAS,4,3,0.0
TAS,4,4,0.0
TAS,4,5,0.0
TAS,4,6,0.0
TAS,4,7,0.0
TAS,4,8,0.0
TAS,4,9,35.0
TAS,4,10,0.0
TAS,4,11,0.0
TAS,5,0,0.0
TAS,5,1,36.0
TAS,5,2,0.0
TAS,5,3,0.0
TAS,5,4,0.0
TAS,5,5,0.0
TAS,5,6,0.0
TAS,5,7,0.0
TAS,5,8,0.0
TAS,5,9,0.0
TAS,5,10,0.0
TAS,5,11,36.0
TAS,6,0,0.0
TAS,6,1,0.0
TAS,6,2,0.0
TAS,6,3,0.0
TAS,6,4,0.0
TAS,6,5,36.0
TAS,6,6,0.0
TAS,6,7,36.0
TAS,6,8,0.0
TAS,6,9,0.0
TAS,6,10,0.0
TAS,6,11,0.0
TAS,7,0,0.0
TAS,7,1,0.0
TAS,7,2,36.0
TAS,7,3,0.0
TAS,7,4,0.0
TAS,7,5,0.0
TAS,7,6,0.0
TAS,7,7,0.0
TAS,7,8,0.0
TAS,7,9,0.0
TAS,7,10,0.0
TAS,7,11,0.0
TAS,8,0,0.0
TAS,8,1,36.0
TAS,8,2,36.0
TAS,8,3,0.0
TAS,8,4,0.0
TAS,8,5,0.0
TAS,8,6,0.0
TAS,8,7,0.0
TAS,8,8,0.0
TAS,8,9,35.0
TAS,8,10,324.0
TAS,8,11,36.0
TAS,9,0,0.0
TAS,9,1,0.0
TAS,9,2,0.0
TAS,9,3,0.0
TAS,9,4,36.0
TAS,9,5,0.0
TAS,9,6,0.0
TAS,9,7,0.0
TAS,9,8,0.0
TAS,9,9,0.0
TAS,9,10,0.0
TAS,9,11,0.0
TAS,10,0,0.0
TAS,10,1,0.0
TAS,10,2,0.0
TAS,10,3,0.0
TAS,10,4,0.0
TAS,10,5,0.0
TAS,10,6,0.0
TAS,10,7,0.0
TAS,10,8,0.0
TAS,10,9,0.0
TAS,10,10,35.0
TAS,10,11,0.0
TAS,11,0,0.0
TAS,11,1,0.0
TAS,11,2,0.0
TAS,11,3,36.0
TAS,11,4,0.0
TAS,11,5,0.0
TAS,11,6,0.0
TAS,11,7,288.0
TAS,11,8,0.0
TAS,11,9,0.0
TAS,11,10,0.0
TAS,11,11,0.0
SWAP,0,0,0.0
SWAP,0,1,0.0
SWAP,0,2,0.0
SWAP,0,3,0.0
SWAP,0,4,0.0
SWAP,0,5,0.0
SWAP,0,6,35.0
SWAP,0,7,0.0
SWAP,0,8,0.0
SWAP,0,9,0.0
SWAP,0,10,36.0
SWAP,0,11,288.0
SWAP,1,0,0.0
SWAP,1,1,0.0
SWAP,1,2,0.0
SWAP,1,3,0.0
SWAP,1,4,0.0
SWAP,1,5,0.0
SWAP,1,6,0.0
SWAP,1,7,0.0
SWAP,1,8,0.0
SWAP,1,9,0.0
SWAP,1,10,0.0
SWAP,1,11,0.0
SWAP,2,0,0.0
SWAP,2,1,0.0
SWAP,2,2,0.0
SWAP,2,3,0.0
SWAP,2,4,0.0
SWAP,2,5,0.0
SWAP,2,6,0.0
SWAP,2,7,0.0
SWAP,2,8,0.0
SWAP,2,9,0.0
SWAP,2,10,36.0
SWAP,2,11,0.0
SWAP,3,0,0.0
SWAP,3,1,0.0
SWAP,3,2,0.0
SWAP,3,3,0.0
SWAP,3,4,0.0
SWAP,3,5,0.0
SWAP,3,6,0.0
SWAP,3,7,0.0
SWAP,3,8,0.0
SWAP,3,9,0.0
SWAP,3,10,35.0
SWAP,3,11,36.0
SWAP,4,0,0.0
SWAP,4,1,0.0
SWAP,4,2,0.0
SWAP,4,3,0.0
SWAP,4,4,0.0
SWAP,4,5,0.0
SWAP,4,6,0.0
SWAP,4,7,0.0
SWAP,4,8,0.0
SWAP,4,9,36.0
SWAP,4,10,0.0
SWAP,4,11,0.0
SWAP,5,0,0.0
SWAP,5,1,0.0
SWAP,5,2,0.0
SWAP,5,3,0.0
SWAP,5,4,0.0
SWAP,5,5,0.0
SWAP,5,6,0.0
SWAP,5,7,0.0
SWAP,5,8,0.0
SWAP,5,9,0.0
SWAP,5,10,0.0
SWAP,5,11,0.0
SWAP,6,0,0.0
SWAP,6,1,0.0
SWAP,6,2,36.0
SWAP,6,3,0.0
SWAP,6,4,0.0
SWAP,6,5,0.0
SWAP,6,6,0.0
SWAP,6,7,0.0
SWAP,6,8,0.0
SWAP,6,9,36.0
SWAP,6,10,0.0
SWAP,6,11,0.0
SWAP,7,0,0.0
SWAP,7,1,0.0
SWAP,7,2,0.0
SWAP,7,3,36.0
SWAP,7,4,0.0
SWAP,7,5,0.0
SWAP,7,6,0.0
SWAP,7,7,0.0
SWAP,7,8,0.0
SWAP,7,9,0.0
SWAP,7,10,0.0
SWAP,7,11,0.0
SWAP,8,0,0.0
SWAP,8,1,0.0
SWAP,8,2,0.0
SWAP,8,3,0.0
SWAP,8,4,0.0
SWAP,8,5,0.0
SWAP,8,6,0.0
SWAP,8,7,0.0
SWAP,8,8,0.0
SWAP,8,9,0.0
SWAP,8,10,0.0
SWAP,8,11,0.0
SWAP,9,0,0.0
SWAP,9,1,36.0
SWAP,9,2,0.0
SWAP,9,3,0.0
SWAP,9,4,36.0
SWAP,9,5,0.0
SWAP,9,6,0.0
SWAP,9,7,0.0
SWAP,9,8,0.0
SWAP,9,9,0.0
SWAP,9,10,0.0
SWAP,9,11,36.0
SWAP,10,0,0.0
SWAP,10,1,0.0
SWAP,10,2,0.0
SWAP,10,3,0.0
SWAP,10,4,0.0
SWAP,10,5,0.0
SWAP,10,6,0.0
SWAP,10,7,0.0
SWAP,10,8,0.0
SWAP,10,9,0.0
SWAP,10,10,0.0
SWAP,10,11,0.0
SWAP,11,0,0.0
SWAP,11,1,36.0
SWAP,11,2,360.0
SWAP,11,3,36.0
SWAP,11,4,0.0
SWAP,11,5,0.0
SWAP,11,6,0.0
SWAP,11,7,36.0
SWAP,11,8,36.0
SWAP,11,9,0.0
SWAP,11,10,0.0
SWAP,11,11,35.0
STORE_ON_MODIFIED,0,0,0.0
STORE_ON_MODIFIED,0,1,0.0
STORE_ON_MODIFIED,0,2,0.0
STORE_ON_MODIFIED,0,3,0.0
STORE_ON_MODIFIED,0,4,0.0
STORE_ON_MODIFIED,0,5,0.0
STORE_ON_MODIFIED,0,6,35.0
STORE_ON_MODIFIED,0,7,0.0
STORE_ON_MODIFIED,0,8,36.0
STORE_ON_MODIFIED,0,9,0.0
STORE_ON_MODIFIED,0,10,0.0
STORE_ON_MODIFIED,0,11,0.0
STORE_ON_MODIFIED,1,0,0.0
STORE_ON_MODIFIED,1,1,35.0
STORE_ON_MODIFIED,1,2,0.0
STORE_ON_MODIFIED,1,3,36.0
STORE_ON_MODIFIED,1,4,0.0
STORE_ON_MODIFIED,1,5,0.0
STORE_ON_MODIFIED,1,6,0.0
STORE_ON_MODIFIED,1,7,0.0
STORE_ON_MODIFIED,1,8,0.0
STORE_ON_MODIFIED,1,9,0.0
STORE_ON_MODIFIED,1,10,0.0
STORE_ON_MODIFIED,1,11,36.0
STORE_ON_MODIFIED,2,0,0.0
STORE_ON_MODIFIED,2,1,0.0
STORE_ON_MODIFIED,2,2,0.0
STORE_ON_MODIFIED,2,3,0.0
STORE_ON_MODIFIED,2,4,0.0
STORE_ON_MODIFIED,2,5,0.0
STORE_ON_MODIFIED,2,6,0.0
STORE_ON_MODIFIED,2,7,0.0
STORE_ON_MODIFIED,2,8,0.0
STORE_ON_MODIFIED,2,9,0.0
STORE_ON_MODIFIED,2,10,0.0
STORE_ON_MODIFIED,2,11,0.0
STORE_ON_MODIFIED,3,0,0.0
STORE_ON_MODIFIED,3,1,0.0
STORE_ON_MODIFIED,3,2,0.0
STORE_ON_MODIFIED,3,3,0.0
STORE_ON_MODIFIED,3,4,36.0
STORE_ON_MODIFIED,3,5,0.0
STORE_ON_MODIFIED,3,6,0.0
STORE_ON_MODIFIED,3,7,0.0
STORE_ON_MODIFIED,3,8,36.0
STORE_ON_MODIFIED,3,9,0.0
STORE_ON_MODIFIED,3,10,0.0
STORE_ON_MODIFIED,3,11,0.0
STORE_ON_MODIFIED,4,0,0.0
STORE_ON_MODIFIED,4,1,0.0
STORE_ON_MODIFIED,4,2,36.0
STORE_ON_MODIFIED,4,3,35.0
STORE_ON_MODIFIED,4,4,0.0
STORE_ON_MODIFIED,4,5,0.0
STORE_ON_MODIFIED,4,6,0.0
STORE_ON_MODIFIED,4,7,36.0
STORE_ON_MODIFIED,4,8,0.0
STORE_ON_MODIFIED,4,9,0.0
STORE_ON_MODIFIED,4,10,0.0
STORE_ON_MODIFIED,4,11,0.0
STORE_ON_MODIFIED,5,0,35.0
STORE_ON_MODIFIED,5,1,0.0
STORE_ON_MODIFIED,5,2,0.0
STORE_ON_MODIFIED,5,3,0.0
STORE_ON_MODIFIED,5,4,0.0
STORE_ON_MODIFIED,5,5,0.0
STORE_ON_MODIFIED,5,6,0.0
STORE_ON_MODIFIED,5,7,0.0
STORE_ON_MODIFIED,5,8,36.0
STORE_ON_MODIFIED,5,9,0.0
STORE_ON_MODIFIED,5,10,0.0
STORE_ON_MODIFIED,5,11,0.0
STORE_ON_MODIFIED,6,0,35.0
STORE_ON_MODIFIED,6,1,0.0
STORE_ON_MODIFIED,6,2,0.0
STORE_ON_MODIFIED,6,3,0.0
STORE_ON_MODIFIED,6,4,0.0
STORE_ON_MODIFIED,6,5,0.0
STORE_ON_MODIFIED,6,6,0.0
STORE_ON_MODIFIED,6,7,0.0
STORE_ON_MODIFIED,6,8,0.0
STORE_ON_MODIFIED,6,9,36.0
STORE_ON_MODIFIED,6,10,0.0
STORE_ON_MODIFIED,6,11,0.0
STORE_ON_MODIFIED,7,0,0.0
STORE_ON_MODIFIED,7,1,0.0
STORE_ON_MODIFIED,7,2,0.0
STORE_ON_MODIFIED,7,3,36.0
STORE_ON_MODIFIED,7,4,0.0
STORE_ON_MODIFIED,7,5,0.0
STORE_ON_MODIFIED,7,6,0.0
STORE_ON_MODIFIED,7,7,0.0
STORE_ON_MODIFIED,7,8,0.0
STORE_ON_MODIFIED,7,9,0.0
STORE_ON_MODIFIED,7,10,0.0
STORE_ON_MODIFIED,7,11,36.0
STORE_ON_MODIFIED,8,0,0.0
STORE_ON_MODIFIED,8,1,0.0
STORE_ON_MODIFIED,8,2,0.0
STORE_ON_MODIFIED,8,3,0.0
STORE_ON_MODIFIED,8,4,0.0
STORE_ON_MODIFIED,8,5,0.0
STORE_ON_MODIFIED,8,6,35.0
STORE_ON_MODIFIED,8,7,36.0
STORE_ON_MODIFIED,8,8,0.0
STORE_ON_MODIFIED,8,9,0.0
STORE_ON_MODIFIED,8,10,0.0
STORE_ON_MODIFIED,8,11,0.0
STORE_ON_MODIFIED,9,0,0.0
STORE_ON_MODIFIED,9,1,0.0
STORE_ON_MODIFIED,9,2,36.0
STORE_ON_MODIFIED,9,3,0.0
STORE_ON_MODIFIED,9,4,0.0
STORE_ON_MODIFIED,9,5,0.0
STORE_ON_MODIFIED,9,6,0.0
STORE_ON_MODIFIED,9,7,0.0
STORE_ON_MODIFIED,9,8,0.0
STORE_ON_MODIFIED,9,9,0.0
STORE_ON_MODIFIED,9,10,0.0
STORE_ON_MODIFIED,9,11,36.0
STORE_ON_MODIFIED,10,0,0.0
STORE_ON_MODIFIED,10,1,0.0
STORE_ON_MODIFIED,10,2,0.0
STORE_ON_MODIFIED,10,3,0.0
STORE_ON_MODIFIED,10,4,0.0
STORE_ON_MODIFIED,10,5,0.0
STORE_ON_MODIFIED,10,6,0.0
STORE_ON_MODIFIED,10,7,0.0
STORE_ON_MODIFIED,10,8,0.0
STORE_ON_MODIFIED,10,9,36.0
STORE_ON_MODIFIED,10,10,0.0
STORE_ON_MODIFIED,10,11,0.0
STORE_ON_MODIFIED,11,0,0.0
STORE_ON_MODIFIED,11,1,0.0
STORE_ON_MODIFIED,11,2,0.0
STORE_ON_MODIFIED,11,3,36.0
STORE_ON_MODIFIED,11,4,0.0
STORE_ON_MODIFIED,11,5,0.0
STORE_ON_MODIFIED,11,6,0.0
STORE_ON_MODIFIED,11,7,36.0
STORE_ON_MODIFIED,11,8,0.0
STORE_ON_MODIFIED,11,9,0.0
STORE_ON_MODIFIED,11,10,0.0
STORE_ON_MODIFIED,11,11,0.0
STORE_ON_EXCLUSIVE,0,0,0.0
STORE_ON_EXCLUSIVE,0,1,0.0
STORE_ON_EXCLUSIVE,0,2,0.0
STORE_ON_EXCLUSIVE,0,3,0.0
STORE_ON_EXCLUSIVE,0,4,0.0
STORE_ON_EXCLUSIVE,0,5,0.0
STORE_ON_EXCLUSIVE,0,6,0.0
STORE_ON_EXCLUSIVE,0,7,0.0
STORE_ON_EXCLUSIVE,0,8,0.0
STORE_ON_EXCLUSIVE,0,9,0.0
STORE_ON_EXCLUSIVE,0,10,0.0
STORE_ON_EXCLUSIVE,0,11,0.0
STORE_ON_EXCLUSIVE,1,0,0.0
STORE_ON_EXCLUSIVE,1,1,0.0
STORE_ON_EXCLUSIVE,1,2,0.0
STORE_ON_EXCLUSIVE,1,3,36.0
STORE_ON_EXCLUSIVE,1,4,396.0
STORE_ON_EXCLUSIVE,1,5,0.0
STORE_ON_EXCLUSIVE,1,6,0.0
STORE_ON_EXCLUSIVE,1,7,36.0
STORE_ON_EXCLUSIVE,1,8,0.0
STORE_ON_EXCLUSIVE,1,9,0.0
STORE_ON_EXCLUSIVE,1,10,0.0
STORE_ON_EXCLUSIVE,1,11,0.0
STORE_ON_EXCLUSIVE,2,0,35.0
STORE_ON_EXCLUSIVE,2,1,0.0
STORE_ON_EXCLUSIVE,2,2,0.0
STORE_ON_EXCLUSIVE,2,3,0.0
STORE_ON_EXCLUSIVE,2,4,0.0
STORE_ON_EXCLUSIVE,2,5,0.0
STORE_ON_EXCLUSIVE,2,6,0.0
STORE_ON_EXCLUSIVE,2,7,0.0
STORE_ON_EXCLUSIVE,2,8,0.0
STORE_ON_EXCLUSIVE,2,9,36.0
STORE_ON_EXCLUSIVE,2,10,0.0
STORE_ON_EXCLUSIVE,2,11,0.0
STORE_ON_EXCLUSIVE,3,0,0.0
STORE_ON_EXCLUSIVE,3,1,0.0
STORE_ON_EXCLUSIVE,3,2,36.0
STORE_ON_EXCLUSIVE,3,3,0.0
STORE_ON_EXCLUSIVE,3,4,0.0
STORE_ON_EXCLUSIVE,3,5,0.0
STORE_ON_EXCLUSIVE,3,6,0.0
STORE_ON_EXCLUSIVE,3,7,0.0
STORE_ON_EXCLUSIVE,3,8,0.0
STORE_ON_EXCLUSIVE,3,9,0.0
STORE_ON_EXCLUSIVE,3,10,0.0
STORE_ON_EXCLUSIVE,3,11,0.0
STORE_ON_EXCLUSIVE,4,0,0.0
STORE_ON_EXCLUSIVE,4,1,36.0
STORE_ON_EXCLUSIVE,4,2,0.0
STORE_ON_EXCLUSIVE,4,3,0.0
STORE_ON_EXCLUSIVE,4,4,0.0
STORE_ON_EXCLUSIVE,4,5,0.0
STORE_ON_EXCLUSIVE,4,6,0.0
STORE_ON_EXCLUSIVE,4,7,0.0
STORE_ON_EXCLUSIVE,4,8,0.0
STORE_ON_EXCLUSIVE,4,9,0.0
STORE_ON_EXCLUSIVE,4,10,0.0
STORE_ON_EXCLUSIVE,4,11,0.0
STORE_ON_EXCLUSIVE,5,0,0.0
STORE_ON_EXCLUSIVE,5,1,0.0
STORE_ON_EXCLUSIVE,5,2,0.0
STORE_ON_EXCLUSIVE,5,3,0.0
STORE_ON_EXCLUSIVE,5,4,0.0
STORE_ON_EXCLUSIVE,5,5,0.0
STORE_ON_EXCLUSIVE,5,6,0.0
STORE_ON_EXCLUSIVE,5,7,0.0
STORE_ON_EXCLUSIVE,5,8,0.0
STORE_ON_EXCLUSIVE,5,9,36.0
STORE_ON_EXCLUSIVE,5,10,0.0
STORE_ON_EXCLUSIVE,5,11,0.0
STORE_ON_EXCLUSIVE,6,0,0.0
STORE_ON_EXCLUSIVE,6,1,0.0
STORE_ON_EXCLUSIVE,6,2,0.0
STORE_ON_EXCLUSIVE,6,3,0.0
STORE_ON_EXCLUSIVE,6,4,0.0
STORE_ON_EXCLUSIVE,6,5,0.0
STORE_ON_EXCLUSIVE,6,6,0.0
STORE_ON_EXCLUSIVE,6,7,0.0
STORE_ON_EXCLUSIVE,6,8,0.0
STORE_ON_EXCLUSIVE,6,9,0.0
STORE_ON_EXCLUSIVE,6,10,0.0
STORE_ON_EXCLUSIVE,6,11,0.0
STORE_ON_EXCLUSIVE,7,0,0.0
STORE_ON_EXCLUSIVE,7,1,0.0
STORE_ON_EXCLUSIVE,7,2,36.0
STORE_ON_EXCLUSIVE,7,3,0.0
STORE_ON_EXCLUSIVE,7,4,35.0
STORE_ON_EXCLUSIVE,7,5,0.0
STORE_ON_EXCLUSIVE,7,6,0.0
STORE_ON_EXCLUSIVE,7,7,0.0
STORE_ON_EXCLUSIVE,7,8,0.0
STORE_ON_EXCLUSIVE,7,9,36.0
STORE_ON_EXCLUSIVE,7,10,0.0
STORE_ON_EXCLUSIVE,7,11,0.0
STORE_ON_EXCLUSIVE,8,0,0.0
STORE_ON_EXCLUSIVE,8,1,0.0
STORE_ON_EXCLUSIVE,8,2,0.0
STORE_ON_EXCLUSIVE,8,3,0.0
STORE_ON_EXCLUSIVE,8,4,0.0
STORE_ON_EXCLUSIVE,8,5,0.0
STORE_ON_EXCLUSIVE,8,6,0.0
STORE_ON_EXCLUSIVE,8,7,0.0
STORE_ON_EXCLUSIVE,8,8,0.0
STORE_ON_EXCLUSIVE,8,9,0.0
STORE_ON_EXCLUSIVE,8,10,36.0
STORE_ON_EXCLUSIVE,8,11,0.0
STORE_ON_EXCLUSIVE,9,0,0.0
STORE_ON_EXCLUSIVE,9,1,0.0
STORE_ON_EXCLUSIVE,9,2,0.0
STORE_ON_EXCLUSIVE,9,3,0.0
STORE_ON_EXCLUSIVE,9,4,0.0
STORE_ON_EXCLUSIVE,9,5,0.0
STORE_ON_EXCLUSIVE,9,6,143.0
STORE_ON_EXCLUSIVE,9,7,0.0
STORE_ON_EXCLUSIVE,9,8,0.0
STORE_ON_EXCLUSIVE,9,9,0.0
STORE_ON_EXCLUSIVE,9,10,0.0
STORE_ON_EXCLUSIVE,9,11,0.0
STORE_ON_EXCLUSIVE,10,0,0.0
STORE_ON_EXCLUSIVE,10,1,0.0
STORE_ON_EXCLUSIVE,10,2,0.0
STORE_ON_EXCLUSIVE,10,3,36.0
STORE_ON_EXCLUSIVE,10,4,0.0
STORE_ON_EXCLUSIVE,10,5,0.0
STORE_ON_EXCLUSIVE,10,6,0.0
STORE_ON_EXCLUSIVE,10,7,0.0
STORE_ON_EXCLUSIVE,10,8,0.0
STORE_ON_EXCLUSIVE,10,9,0.0
STORE_ON_EXCLUSIVE,10,10,0.0
STORE_ON_EXCLUSIVE,10,11,0.0
STORE_ON_EXCLUSIVE,11,0,0.0
STORE_ON_EXCLUSIVE,11,1,36.0
STORE_ON_EXCLUSIVE,11,2,0.0
STORE_ON_EXCLUSIVE,11,3,0.0
STORE_ON_EXCLUSIVE,11,4,0.0
STORE_ON_EXCLUSIVE,11,5,0.0
STORE_ON_EXCLUSIVE,11,6,35.0
STORE_ON_EXCLUSIVE,11,7,0.0
STORE_ON_EXCLUSIVE,11,8,0.0
STORE_ON_EXCLUSIVE,11,9,0.0
STORE_ON_EXCLUSIVE,11,10,0.0
STORE_ON_EXCLUSIVE,11,11,0.0
STORE_ON_SHARED,0,0,0.0
STORE_ON_SHARED,0,1,0.0
STORE_ON_SHARED,0,2,0.0
STORE_ON_SHARED,0,3,0.0
STORE_ON_SHARED,0,4,0.0
STORE_ON_SHARED,0,5,0.0
STORE_ON_SHARED,0,6,0.0
STORE_ON_SHARED,0,7,0.0
STORE_ON_SHARED,0,8,0.0
STORE_ON_SHARED,0,9,0.0
STORE_ON_SHARED,0,10,0.0
STORE_ON_SHARED,0,11,0.0
STORE_ON_SHARED,1,0,0.0
STORE_ON_SHARED,1,1,35.0
STORE_ON_SHARED,1,2,36.0
STORE_ON_SHARED,1,3,72.0
STORE_ON_SHARED,1,4,0.0
STORE_ON_SHARED,1,5,0.0
STORE_ON_SHARED,1,6,0.0
STORE_ON_SHARED,1,7,0.0
STORE_ON_SHARED,1,8,0.0
STORE_ON_SHARED,1,9,0.0
STORE_ON_SHARED,1,10,0.0
STORE_ON_SHARED,1,11,0.0
STORE_ON_SHARED,2,0,0.0
STORE_ON_SHARED,2,1,0.0
STORE_ON_SHARED,2,2,0.0
STORE_ON_SHARED,2,3,0.0
STORE_ON_SHARED,2,4,36.0
STORE_ON_SHARED,2,5,0.0
STORE_ON_SHARED,2,6,0.0
STORE_ON_SHARED,2,7,0.0
STORE_ON_SHARED,2,8,0.0
STORE_ON_SHARED,2,9,0.0
STORE_ON_SHARED,2,10,0.0
STORE_ON_SHARED,2,11,0.0
STORE_ON_SHARED,3,0,0.0
STORE_ON_SHARED,3,1,0.0
STORE_ON_SHARED,3,2,0.0
STORE_ON_SHARED,3,3,0.0
STORE_ON_SHARED,3,4,0.0
STORE_ON_SHARED,3,5,0.0
STORE_ON_SHARED,3,6,35.0
STORE_ON_SHARED,3,7,0.0
STORE_ON_SHARED,3,8,0.0
STORE_ON_SHARED,3,9,0.0
STORE_ON_SHARED,3,10,36.0
STORE_ON_SHARED,3,11,0.0
STORE_ON_SHARED,4,0,35.0
STORE_ON_SHARED,4,1,0.0
STORE_ON_SHARED,4,2,0.0
STORE_ON_SHARED,4,3,0.0
STORE_ON_SHARED,4,4,0.0
STORE_ON_SHARED,4,5,0.0
STORE_ON_SHARED,4,6,35.0
STORE_ON_SHARED,4,7,0.0
STORE_ON_SHARED,4,8,0.0
STORE_ON_SHARED,4,9,0.0
STORE_ON_SHARED,4,10,0.0
STORE_ON_SHARED,4,11,0.0
STORE_ON_SHARED,5,0,0.0
STORE_ON_SHARED,5,1,0.0
STORE_ON_SHARED,5,2,0.0
STORE_ON_SHARED,5,3,0.0
STORE_ON_SHARED,5,4,36.0
STORE_ON_SHARED,5,5,0.0
STORE_ON_SHARED,5,6,71.0
STORE_ON_SHARED,5,7,0.0
STORE_ON_SHARED,5,8,0.0
STORE_ON_SHARED,5,9,0.0
STORE_ON_SHARED,5,10,35.0
STORE_ON_SHARED,5,11,0.0
STORE_ON_SHARED,6,0,0.0
STORE_ON_SHARED,6,1,0.0
STORE_ON_SHARED,6,2,0.0
STORE_ON_SHARED,6,3,0.0
STORE_ON_SHARED,6,4,36.0
STORE_ON_SHARED,6,5,0.0
STORE_ON_SHARED,6,6,0.0
STORE_ON_SHARED,6,7,0.0
STORE_ON_SHARED,6,8,0.0
STORE_ON_SHARED,6,9,0.0
STORE_ON_SHARED,6,10,36.0
STORE_ON_SHARED,6,11,0.0
STORE_ON_SHARED,7,0,0.0
STORE_ON_SHARED,7,1,36.0
STORE_ON_SHARED,7,2,0.0
STORE_ON_SHARED,7,3,0.0
STORE_ON_SHARED,7,4,0.0
STORE_ON_SHARED,7,5,0.0
STORE_ON_SHARED,7,6,0.0
STORE_ON_SHARED,7,7,0.0
STORE_ON_SHARED,7,8,0.0
STORE_ON_SHARED,7,9,0.0
STORE_ON_SHARED,7,10,0.0
STORE_ON_SHARED,7,11,36.0
STORE_ON_SHARED,8,0,0.0
STORE_ON_SHARED,8,1,0.0
STORE_ON_SHARED,8,2,0.0
STORE_ON_SHARED,8,3,0.0
STORE_ON_SHARED,8,4,0.0
STORE_ON_SHARED,8,5,0.0
STORE_ON_SHARED,8,6,0.0
STORE_ON_SHARED,8,7,0.0
STORE_ON_SHARED,8,8,0.0
STORE_ON_SHARED,8,9,0.0
STORE_ON_SHARED,8,10,0.0
STORE_ON_SHARED,8,11,0.0
STORE_ON_SHARED,9,0,0.0
STORE_ON_SHARED,9,1,36.0
STORE_ON_SHARED,9,2,0.0
STORE_ON_SHARED,9,3,0.0
STORE_ON_SHARED,9,4,0.0
STORE_ON_SHARED,9,5,0.0
STORE_ON_SHARED,9,6,36.0
STORE_ON_SHARED,9,7,36.0
STORE_ON_SHARED,9,8,0.0
STORE_ON_SHARED,9,9,0.0
STORE_ON_SHARED,9,10,0.0
STORE_ON_SHARED,9,11,0.0
STORE_ON_SHARED,10,0,0.0
STORE_ON_SHARED,10,1,0.0
STORE_ON_SHARED,10,2,0.0
STORE_ON_SHARED,10,3,0.0
STORE_ON_SHARED,10,4,36.0
STORE_ON_SHARED,10,5,0.0
STORE_ON_SHARED,10,6,35.0
STORE_ON_SHARED,10,7,36.0
STORE_ON_SHARED,10,8,0.0
STORE_ON_SHARED,10,9,0.0
STORE_ON_SHARED,10,10,0.0
STORE_ON_SHARED,10,11,0.0
STORE_ON_SHARED,11,0,0.0
STORE_ON_SHARED,11,1,0.0
STORE_ON_SHARED,11,2,0.0
STORE_ON_SHARED,11,3,0.0
STORE_ON_SHARED,11,4,0.0
STORE_ON_SHARED,11,5,0.0
STORE_ON_SHARED,11,6,34.0
STORE_ON_SHARED,11,7,0.0
STORE_ON_SHARED,11,8,0.0
STORE_ON_SHARED,11,9,0.0
STORE_ON_SHARED,11,10,36.0
STORE_ON_SHARED,11,11,0.0
STORE_ON_OWNED,0,0,0.0
STORE_ON_OWNED,0,1,0.0
STORE_ON_OWNED,0,2,0.0
STORE_ON_OWNED,0,3,0.0
STORE_ON_OWNED,0,4,36.0
STORE_ON_OWNED,0,5,0.0
STORE_ON_OWNED,0,6,0.0
STORE_ON_OWNED,0,7,0.0
STORE_ON_OWNED,0,8,36.0
STORE_ON_OWNED,0,9,36.0
STORE_ON_OWNED,0,10,36.0
STORE_ON_OWNED,0,11,0.0
STORE_ON_OWNED,1,0,0.0
STORE_ON_OWNED,1,1,0.0
STORE_ON_OWNED,1,2,0.0
STORE_ON_OWNED,1,3,36.0
STORE_ON_OWNED,1,4,0.0
STORE_ON_OWNED,1,5,0.0
STORE_ON_OWNED,1,6,0.0
STORE_ON_OWNED,1,7,36.0
STORE_ON_OWNED,1,8,0.0
STORE_ON_OWNED,1,9,0.0
STORE_ON_OWNED,1,10,0.0
STORE_ON_OWNED,1,11,36.0
STORE_ON_OWNED,2,0,0.0
STORE_ON_OWNED,2,1,0.0
STORE_ON_OWNED,2,2,0.0
STORE_ON_OWNED,2,3,0.0
STORE_ON_OWNED,2,4,36.0
STORE_ON_OWNED,2,5,0.0
STORE_ON_OWNED,2,6,0.0
STORE_ON_OWNED,2,7,0.0
STORE_ON_OWNED,2,8,0.0
STORE_ON_OWNED,2,9,0.0
STORE_ON_OWNED,2,10,36.0
STORE_ON_OWNED,2,11,0.0
STORE_ON_OWNED,3,0,0.0
STORE_ON_OWNED,3,1,0.0
STORE_ON_OWNED,3,2,0.0
STORE_ON_OWNED,3,3,0.0
STORE_ON_OWNED,3,4,0.0
STORE_ON_OWNED,3,5,0.0
STORE_ON_OWNED,3,6,0.0
STORE_ON_OWNED,3,7,36.0
STORE_ON_OWNED,3,8,0.0
STORE_ON_OWNED,3,9,36.0
STORE_ON_OWNED,3,10,0.0
STORE_ON_OWNED,3,11,0.0
STORE_ON_OWNED,4,0,0.0
STORE_ON_OWNED,4,1,36.0
STORE_ON_OWNED,4,2,0.0
STORE_ON_OWNED,4,3,0.0
STORE_ON_OWNED,4,4,0.0
STORE_ON_OWNED,4,5,0.0
STORE_ON_OWNED,4,6,0.0
STORE_ON_OWNED,4,7,0.0
STORE_ON_OWNED,4,8,0.0
STORE_ON_OWNED,4,9,0.0
STORE_ON_OWNED,4,10,0.0
STORE_ON_OWNED,4,11,0.0
STORE_ON_OWNED,5,0,0.0
STORE_ON_OWNED,5,1,36.0
STORE_ON_OWNED,5,2,0.0
STORE_ON_OWNED,5,3,36.0
STORE_ON_OWNED,5,4,36.0
STORE_ON_OWNED,5,5,0.0
STORE_ON_OWNED,5,6,0.0
STORE_ON_OWNED,5,7,0.0
STORE_ON_OWNED,5,8,36.0
STORE_ON_OWNED,5,9,0.0
STORE_ON_OWNED,5,10,0.0
STORE_ON_OWNED,5,11,0.0
STORE_ON_OWNED,6,0,0.0
STORE_ON_OWNED,6,1,0.0
STORE_ON_OWNED,6,2,0.0
STORE_ON_OWNED,6,3,0.0
STORE_ON_OWNED,6,4,0.0
STORE_ON_OWNED,6,5,36.0
STORE_ON_OWNED,6,6,0.0
STORE_ON_OWNED,6,7,0.0
STORE_ON_OWNED,6,8,36.0
STORE_ON_OWNED,6,9,0.0
STORE_ON_OWNED,6,10,0.0
STORE_ON_OWNED,6,11,0.0
STORE_ON_OWNED,7,0,0.0
STORE_ON_OWNED,7,1,0.0
STORE_ON_OWNED,7,2,0.0
STORE_ON_OWNED,7,3,0.0
STORE_ON_OWNED,7,4,0.0
STORE_ON_OWNED,7,5,36.0
STORE_ON_OWNED,7,6,0.0
STORE_ON_OWNED,7,7,0.0
STORE_ON_OWNED,7,8,0.0
STORE_ON_OWNED,7,9,0.0
STORE_ON_OWNED,7,10,0.0
STORE_ON_OWNED,7,11,0.0
STORE_ON_OWNED,8,0,0.0
STORE_ON_OWNED,8,1,0.0
STORE_ON_OWNED,8,2,0.0
STORE_ON_OWNED,8,3,0.0
STORE_ON_OWNED,8,4,0.0
STORE_ON_OWNED,8,5,0.0
STORE_ON_OWNED,8,6,35.0
STORE_ON_OWNED,8,7,36.0
STORE_ON_OWNED,8,8,0.0
STORE_ON_OWNED,8,9,0.0
STORE_ON_OWNED,8,10,0.0
STORE_ON_OWNED,8,11,0.0
STORE_ON_OWNED,9,0,35.0
STORE_ON_OWNED,9,1,36.0
STORE_ON_OWNED,9,2,0.0
STORE_ON_OWNED,9,3,0.0
STORE_ON_OWNED,9,4,0.0
STORE_ON_OWNED,9,5,36.0
STORE_ON_OWNED,9,6,0.0
STORE_ON_OWNED,9,7,0.0
STORE_ON_OWNED,9,8,0.0
STORE_ON_OWNED,9,9,0.0
STORE_ON_OWNED,9,10,0.0
STORE_ON_OWNED,9,11,0.0
STORE_ON_OWNED,10,0,0.0
STORE_ON_OWNED,10,1,0.0
STORE_ON_OWNED,10,2,0.0
STORE_ON_OWNED,10,3,0.0
STORE_ON_OWNED,10,4,0.0
STORE_ON_OWNED,10,5,36.0
STORE_ON_OWNED,10,6,0.0
STORE_ON_OWNED,10,7,0.0
STORE_ON_OWNED,10,8,0.0
STORE_ON_OWNED,10,9,0.0
STORE_ON_OWNED,10,10,36.0
STORE_ON_OWNED,10,11,0.0
STORE_ON_OWNED,11,0,0.0
STORE_ON_OWNED,11,1,0.0
STORE_ON_OWNED,11,2,0.0
STORE_ON_OWNED,11,3,0.0
STORE_ON_OWNED,11,4,0.0
STORE_ON_OWNED,11,5,0.0
STORE_ON_OWNED,11,6,0.0
STORE_ON_OWNED,11,7,0.0
STORE_ON_OWNED,11,8,36.0
STORE_ON_OWNED,11,9,0.0
STORE_ON_OWNED,11,10,0.0
STORE_ON_OWNED,11,11,35.0
STORE_ON_INVALID,0,0,0.0
STORE_ON_INVALID,0,1,0.0
STORE_ON_INVALID,0,2,0.0
STORE_ON_INVALID,0,3,0.0
STORE_ON_INVALID,0,4,0.0
STORE_ON_INVALID,0,5,0.0
STORE_ON_INVALID,0,6,0.0
STORE_ON_INVALID,0,7,0.0
STORE_ON_INVALID,0,8,0.0
STORE_ON_INVALID,0,9,0.0
STORE_ON_INVALID,0,10,0.0
STORE_ON_INVALID,0,11,0.0
STORE_ON_INVALID,1,0,36.0
STORE_ON_INVALID,1,1,0.0
STORE_ON_INVALID,1,2,0.0
STORE_ON_INVALID,1,3,0.0
STORE_ON_INVALID,1,4,0.0
STORE_ON_INVALID,1,5,0.0
STORE_ON_INVALID,1,6,36.0
STORE_ON_INVALID,1,7,0.0
STORE_ON_INVALID,1,8,36.0
STORE_ON_INVALID,1,9,0.0
STORE_ON_INVALID,1,10,0.0
STORE_ON_INVALID,1,11,36.0
STORE_ON_INVALID,2,0,36.0
STORE_ON_INVALID,2,1,0.0
STORE_ON_INVALID,2,2,0.0
STORE_ON_INVALID,2,3,0.0
STORE_ON_INVALID,2,4,0.0
STORE_ON_INVALID,2,5,0.0
STORE_ON_INVALID,2,6,0.0
STORE_ON_INVALID,2,7,0.0
STORE_ON_INVALID,2,8,0.0
STORE_ON_INVALID,2,9,0.0
STORE_ON_INVALID,2,10,0.0
STORE_ON_INVALID,2,11,0.0
STORE_ON_INVALID,3,0,0.0
STORE_ON_INVALID,3,1,0.0
STORE_ON_INVALID,3,2,36.0
STORE_ON_INVALID,3,3,0.0
STORE_ON_INVALID,3,4,0.0
STORE_ON_INVALID,3,5,0.0
STORE_ON_INVALID,3,6,0.0
STORE_ON_INVALID,3,7,0.0
STORE_ON_INVALID,3,8,0.0
STORE_ON_INVALID,3,9,0.0
STORE_ON_INVALID,3,10,0.0
STORE_ON_INVALID,3,11,0.0
STORE_ON_INVALID,4,0,0.0
STORE_ON_INVALID,4,1,0.0
STORE_ON_INVALID,4,2,0.0
STORE_ON_INVALID,4,3,0.0
STORE_ON_INVALID,4,4,0.0
STORE_ON_INVALID,4,5,0.0
STORE_ON_INVALID,4,6,0.0
STORE_ON_INVALID,4,7,36.0
STORE_ON_INVALID,4,8,36.0
STORE_ON_INVALID,4,9,36.0
STORE_ON_INVALID,4,10,0.0
STORE_ON_INVALID,4,11,0.0
STORE_ON_INVALID,5,0,0.0
STORE_ON_INVALID,5,1,0.0
STORE_ON_INVALID,5,2,0.0
STORE_ON_INVALID,5,3,0.0
STORE_ON_INVALID,5,4,0.0
STORE_ON_INVALID,5,5,0.0
STORE_ON_INVALID,5,6,35.0
STORE_ON_INVALID,5,7,0.0
STORE_ON_INVALID,5,8,0.0
STORE_ON_INVALID,5,9,0.0
STORE_ON_INVALID,5,10,0.0
STORE_ON_INVALID,5,11,0.0
STORE_ON_INVALID,6,0,0.0
STORE_ON_INVALID,6,1,0.0
STORE_ON_INVALID,6,2,0.0
STORE_ON_INVALID,6,3,0.0
STORE_ON_INVALID,6,4,0.0
STORE_ON_INVALID,6,5,0.0
STORE_ON_INVALID,6,6,0.0
STORE_ON_INVALID,6,7,0.0
STORE_ON_INVALID,6,8,0.0
STORE_ON_INVALID,6,9,0.0
STORE_ON_INVALID,6,10,0.0
STORE_ON_INVALID,6,11,0.0
STORE_ON_INVALID,7,0,0.0
STORE_ON_INVALID,7,1,0.0
STORE_ON_INVALID,7,2,0.0
STORE_ON_INVALID,7,3,36.0
STORE_ON_INVALID,7,4,0.0
STORE_ON_INVALID,7,5,36.0
STORE_ON_INVALID,7,6,0.0
STORE_ON_INVALID,7,7,0.0
STORE_ON_INVALID,7,8,0.0
STORE_ON_INVALID,7,9,0.0
STORE_ON_INVALID,7,10,0.0
STORE_ON_INVALID,7,11,0.0
STORE_ON_INVALID,8,0,0.0
STORE_ON_INVALID,8,1,0.0
STORE_ON_INVALID,8,2,0.0
STORE_ON_INVALID,8,3,0.0
STORE_ON_INVALID,8,4,0.0
STORE_ON_INVALID,8,5,0.0
STORE_ON_INVALID,8,6,0.0
STORE_ON_INVALID,8,7,0.0
STORE_ON_INVALID,8,8,0.0
STORE_ON_INVALID,8,9,0.0
STORE_ON_INVALID,8,10,0.0
STORE_ON_INVALID,8,11,0.0
STORE_ON_INVALID,9,0,0.0
STORE_ON_INVALID,9,1,35.0
STORE_ON_INVALID,9,2,0.0
STORE_ON_INVALID,9,3,0.0
STORE_ON_INVALID,9,4,0.0
STORE_ON_INVALID,9,5,0.0
STORE_ON_INVALID,9,6,0.0
STORE_ON_INVALID,9,7,0.0
STORE_ON_INVALID,9,8,0.0
STORE_ON_INVALID,9,9,0.0
STORE_ON_INVALID,9,10,35.0
STORE_ON_INVALID,9,11,0.0
STORE_ON_INVALID,10,0,0.0
STORE_ON_INVALID,10,1,36.0
STORE_ON_INVALID,10,2,0.0
STORE_ON_INVALID,10,3,36.0
STORE_ON_INVALID,10,4,36.0
STORE_ON_INVALID,10,5,0.0
STORE_ON_INVALID,10,6,0.0
STORE_ON_INVALID,10,7,36.0
STORE_ON_INVALID,10,8,0.0
STORE_ON_INVALID,10,9,36.0
STORE_ON_INVALID,10,10,0.0
STORE_ON_INVALID,10,11,35.0
STORE_ON_INVALID,11,0,0.0
STORE_ON_INVALID,11,1,0.0
STORE_ON_INVALID,11,2,0.0
STORE_ON_INVALID,11,3,0.0
STORE_ON_INVALID,11,4,0.0
STORE_ON_INVALID,11,5,0.0
STORE_ON_INVALID,11,6,0.0
STORE_ON_INVALID,11,7,36.0
STORE_ON_INVALID,11,8,0.0
STORE_ON_INVALID,11,9,0.0
STORE_ON_INVALID,11,10,0.0
STORE_ON_INVALID,11,11,0.0
LOAD_FROM_MODIFIED,0,0,35.0
LOAD_FROM_MODIFIED,0,1,36.0
LOAD_FROM_MODIFIED,0,2,36.0
LOAD_FROM_MODIFIED,0,3,0.0
LOAD_FROM_MODIFIED,0,4,0.0
LOAD_FROM_MODIFIED,0,5,0.0
LOAD_FROM_MODIFIED,0,6,0.0
LOAD_FROM_MODIFIED,0,7,36.0
LOAD_FROM_MODIFIED,0,8,36.0
LOAD_FROM_MODIFIED,0,9,0.0
LOAD_FROM_MODIFIED,0,10,0.0
LOAD_FROM_MODIFIED,0,11,0.0
LOAD_FROM_MODIFIED,1,0,0.0
LOAD_FROM_MODIFIED,1,1,0.0
LOAD_FROM_MODIFIED,1,2,0.0
LOAD_FROM_MODIFIED,1,3,0.0
LOAD_FROM_MODIFIED,1,4,0.0
LOAD_FROM_MODIFIED,1,5,0.0
LOAD_FROM_MODIFIED,1,6,0.0
LOAD_FROM_MODIFIED,1,7,0.0
LOAD_FROM_MODIFIED,1,8,0.0
LOAD_FROM_MODIFIED,1,9,0.0
LOAD_FROM_MODIFIED,1,10,36.0
LOAD_FROM_MODIFIED,1,11,0.0
LOAD_FROM_MODIFIED,2,0,0.0
LOAD_FROM_MODIFIED,2,1,0.0
LOAD_FROM_MODIFIED,2,2,0.0
LOAD_FROM_MODIFIED,2,3,0.0
LOAD_FROM_MODIFIED,2,4,0.0
LOAD_FROM_MODIFIED,2,5,0.0
LOAD_FROM_MODIFIED,2,6,0.0
LOAD_FROM_MODIFIED,2,7,0.0
LOAD_FROM_MODIFIED,2,8,36.0
LOAD_FROM_MODIFIED,2,9,0.0
LOAD_FROM_MODIFIED,2,10,0.0
LOAD_FROM_MODIFIED,2,11,0.0
LOAD_FROM_MODIFIED,3,0,0.0
LOAD_FROM_MODIFIED,3,1,0.0
LOAD_FROM_MODIFIED,3,2,0.0
LOAD_FROM_MODIFIED,3,3,0.0
LOAD_FROM_MODIFIED,3,4,0.0
LOAD_FROM_MODIFIED,3,5,0.0
LOAD_FROM_MODIFIED,3,6,0.0
LOAD_FROM_MODIFIED,3,7,0.0
LOAD_FROM_MODIFIED,3,8,36.0
LOAD_FROM_MODIFIED,3,9,0.0
LOAD_FROM_MODIFIED,3,10,0.0
LOAD_FROM_MODIFIED,3,11,0.0
LOAD_FROM_MODIFIED,4,0,0.0
LOAD_FROM_MODIFIED,4,1,36.0
LOAD_FROM_MODIFIED,4,2,0.0
LOAD_FROM_MODIFIED,4,3,0.0
LOAD_FROM_MODIFIED,4,4,0.0
LOAD_FROM_MODIFIED,4,5,0.0
LOAD_FROM_MODIFIED,4,6,0.0
LOAD_FROM_MODIFIED,4,7,0.0
LOAD_FROM_MODIFIED,4,8,0.0
LOAD_FROM_MODIFIED,4,9,36.0
LOAD_FROM_MODIFIED,4,10,0.0
LOAD_FROM_MODIFIED,4,11,0.0
LOAD_FROM_MODIFIED,5,0,0.0
LOAD_FROM_MODIFIED,5,1,0.0
LOAD_FROM_MODIFIED,5,2,0.0
LOAD_FROM_MODIFIED,5,3,0.0
LOAD_FROM_MODIFIED,5,4,0.0
LOAD_FROM_MODIFIED,5,5,0.0
LOAD_FROM_MODIFIED,5,6,0.0
LOAD_FROM_MODIFIED,5,7,0.0
LOAD_FROM_MODIFIED,5,8,0.0
LOAD_FROM_MODIFIED,5,9,0.0
LOAD_FROM_MODIFIED,5,10,0.0
LOAD_FROM_MODIFIED,5,11,0.0
LOAD_FROM_MODIFIED,6,0,0.0
LOAD_FROM_MODIFIED,6,1,0.0
LOAD_FROM_MODIFIED,6,2,0.0
LOAD_FROM_MODIFIED,6,3,0.0
LOAD_FROM_MODIFIED,6,4,0.0
LOAD_FROM_MODIFIED,6,5,0.0
LOAD_FROM_MODIFIED,6,6,0.0
LOAD_FROM_MODIFIED,6,7,0.0
LOAD_FROM_MODIFIED,6,8,0.0
LOAD_FROM_MODIFIED,6,9,0.0
LOAD_FROM_MODIFIED,6,10,0.0
LOAD_FROM_MODIFIED,6,11,0.0
LOAD_FROM_MODIFIED,7,0,0.0
LOAD_FROM_MODIFIED,7,1,0.0
LOAD_FROM_MODIFIED,7,2,0.0
LOAD_FROM_MODIFIED,7,3,0.0
LOAD_FROM_MODIFIED,7,4,0.0
LOAD_FROM_MODIFIED,7,5,0.0
LOAD_FROM_MODIFIED,7,6,35.0
LOAD_FROM_MODIFIED,7,7,0.0
LOAD_FROM_MODIFIED,7,8,0.0
LOAD_FROM_MODIFIED,7,9,0.0
LOAD_FROM_MODIFIED,7,10,0.0
LOAD_FROM_MODIFIED,7,11,0.0
LOAD_FROM_MODIFIED,8,0,0.0
LOAD_FROM_MODIFIED,8,1,0.0
LOAD_FROM_MODIFIED,8,2,0.0
LOAD_FROM_MODIFIED,8,3,0.0
LOAD_FROM_MODIFIED,8,4,0.0
LOAD_FROM_MODIFIED,8,5,0.0
LOAD_FROM_MODIFIED,8,6,0.0
LOAD_FROM_MODIFIED,8,7,36.0
LOAD_FROM_MODIFIED,8,8,0.0
LOAD_FROM_MODIFIED,8,9,0.0
LOAD_FROM_MODIFIED,8,10,0.0
LOAD_FROM_MODIFIED,8,11,0.0
LOAD_FROM_MODIFIED,9,0,0.0
LOAD_FROM_MODIFIED,9,1,0.0
LOAD_FROM_MODIFIED,9,2,0.0
LOAD_FROM_MODIFIED,9,3,36.0
LOAD_FROM_MODIFIED,9,4,0.0
LOAD_FROM_MODIFIED,9,5,0.0
LOAD_FROM_MODIFIED,9,6,35.0
LOAD_FROM_MODIFIED,9,7,0.0
LOAD_FROM_MODIFIED,9,8,0.0
LOAD_FROM_MODIFIED,9,9,34.0
LOAD_FROM_MODIFIED,9,10,0.0
LOAD_FROM_MODIFIED,9,11,0.0
LOAD_FROM_MODIFIED,10,0,0.0
LOAD_FROM_MODIFIED,10,1,0.0
LOAD_FROM_MODIFIED,10,2,0.0
LOAD_FROM_MODIFIED,10,3,0.0
LOAD_FROM_MODIFIED,10,4,0.0
LOAD_FROM_MODIFIED,10,5,0.0
LOAD_FROM_MODIFIED,10,6,0.0
LOAD_FROM_MODIFIED,10,7,0.0
LOAD_FROM_MODIFIED,10,8,0.0
LOAD_FROM_MODIFIED,10,9,0.0
LOAD_FROM_MODIFIED,10,10,0.0
LOAD_FROM_MODIFIED,10,11,0.0
LOAD_FROM_MODIFIED,11,0,0.0
LOAD_FROM_MODIFIED,11,1,36.0
LOAD_FROM_MODIFIED,11,2,36.0
LOAD_FROM_MODIFIED,11,3,36.0
LOAD_FROM_MODIFIED,11,4,0.0
LOAD_FROM_MODIFIED,11,5,0.0
LOAD_FROM_MODIFIED,11,6,0.0
LOAD_FROM_MODIFIED,11,7,0.0
LOAD_FROM_MODIFIED,11,8,0.0
LOAD_FROM_MODIFIED,11,9,0.0
LOAD_FROM_MODIFIED,11,10,0.0
LOAD_FROM_MODIFIED,11,11,0.0
LOAD_FROM_EXCLUSIVE,0,0,0.0
LOAD_FROM_EXCLUSIVE,0,1,0.0
LOAD_FROM_EXCLUSIVE,0,2,0.0
LOAD_FROM_EXCLUSIVE,0,3,36.0
LOAD_FROM_EXCLUSIVE,0,4,36.0
LOAD_FROM_EXCLUSIVE,0,5,0.0
LOAD_FROM_EXCLUSIVE,0,6,0.0
LOAD_FROM_EXCLUSIVE,0,7,0.0
LOAD_FROM_EXCLUSIVE,0,8,0.0
LOAD_FROM_EXCLUSIVE,0,9,35.0
LOAD_FROM_EXCLUSIVE,0,10,0.0
LOAD_FROM_EXCLUSIVE,0,11,0.0
LOAD_FROM_EXCLUSIVE,1,0,0.0
LOAD_FROM_EXCLUSIVE,1,1,0.0
LOAD_FROM_EXCLUSIVE,1,2,0.0
LOAD_FROM_EXCLUSIVE,1,3,0.0
LOAD_FROM_EXCLUSIVE,1,4,0.0
LOAD_FROM_EXCLUSIVE,1,5,0.0
LOAD_FROM_EXCLUSIVE,1,6,35.0
LOAD_FROM_EXCLUSIVE,1,7,36.0
LOAD_FROM_EXCLUSIVE,1,8,0.0
LOAD_FROM_EXCLUSIVE,1,9,0.0
LOAD_FROM_EXCLUSIVE,1,10,36.0
LOAD_FROM_EXCLUSIVE,1,11,36.0
LOAD_FROM_EXCLUSIVE,2,0,0.0
LOAD_FROM_EXCLUSIVE,2,1,0.0
LOAD_FROM_EXCLUSIVE,2,2,0.0
LOAD_FROM_EXCLUSIVE,2,3,0.0
LOAD_FROM_EXCLUSIVE,2,4,0.0
LOAD_FROM_EXCLUSIVE,2,5,36.0
LOAD_FROM_EXCLUSIVE,2,6,0.0
LOAD_FROM_EXCLUSIVE,2,7,36.0
LOAD_FROM_EXCLUSIVE,2,8,0.0
LOAD_FROM_EXCLUSIVE,2,9,0.0
LOAD_FROM_EXCLUSIVE,2,10,0.0
LOAD_FROM_EXCLUSIVE,2,11,0.0
LOAD_FROM_EXCLUSIVE,3,0,0.0
LOAD_FROM_EXCLUSIVE,3,1,0.0
LOAD_FROM_EXCLUSIVE,3,2,0.0
LOAD_FROM_EXCLUSIVE,3,3,0.0
LOAD_FROM_EXCLUSIVE,3,4,36.0
LOAD_FROM_EXCLUSIVE,3,5,36.0
LOAD_FROM_EXCLUSIVE,3,6,0.0
LOAD_FROM_EXCLUSIVE,3,7,0.0
LOAD_FROM_EXCLUSIVE,3,8,0.0
LOAD_FROM_EXCLUSIVE,3,9,0.0
LOAD_FROM_EXCLUSIVE,3,10,0.0
LOAD_FROM_EXCLUSIVE,3,11,36.0
LOAD_FROM_EXCLUSIVE,4,0,0.0
LOAD_FROM_EXCLUSIVE,4,1,0.0
LOAD_FROM_EXCLUSIVE,4,2,0.0
LOAD_FROM_EXCLUSIVE,4,3,0.0
LOAD_FROM_EXCLUSIVE,4,4,0.0
LOAD_FROM_EXCLUSIVE,4,5,0.0
LOAD_FROM_EXCLUSIVE,4,6,0.0
LOAD_FROM_EXCLUSIVE,4,7,36.0
LOAD_FROM_EXCLUSIVE,4,8,0.0
LOAD_FROM_EXCLUSIVE,4,9,0.0
LOAD_FROM_EXCLUSIVE,4,10,0.0
LOAD_FROM_EXCLUSIVE,4,11,0.0
LOAD_FROM_EXCLUSIVE,5,0,0.0
LOAD_FROM_EXCLUSIVE,5,1,0.0
LOAD_FROM_EXCLUSIVE,5,2,252.0
LOAD_FROM_EXCLUSIVE,5,3,0.0
LOAD_FROM_EXCLUSIVE,5,4,0.0
LOAD_FROM_EXCLUSIVE,5,5,0.0
LOAD_FROM_EXCLUSIVE,5,6,0.0
LOAD_FROM_EXCLUSIVE,5,7,0.0
LOAD_FROM_EXCLUSIVE,5,8,36.0
LOAD_FROM_EXCLUSIVE,5,9,36.0
LOAD_FROM_EXCLUSIVE,5,10,0.0
LOAD_FROM_EXCLUSIVE,5,11,0.0
LOAD_FROM_EXCLUSIVE,6,0,0.0
LOAD_FROM_EXCLUSIVE,6,1,0.0
LOAD_FROM_EXCLUSIVE,6,2,0.0
LOAD_FROM_EXCLUSIVE,6,3,0.0
LOAD_FROM_EXCLUSIVE,6,4,0.0
LOAD_FROM_EXCLUSIVE,6,5,0.0
LOAD_FROM_EXCLUSIVE,6,6,0.0
LOAD_FROM_EXCLUSIVE,6,7,0.0
LOAD_FROM_EXCLUSIVE,6,8,0.0
LOAD_FROM_EXCLUSIVE,6,9,0.0
LOAD_FROM_EXCLUSIVE,6,10,0.0
LOAD_FROM_EXCLUSIVE,6,11,36.0
LOAD_FROM_EXCLUSIVE,7,0,0.0
LOAD_FROM_EXCLUSIVE,7,1,0.0
LOAD_FROM_EXCLUSIVE,7,2,0.0
LOAD_FROM_EXCLUSIVE,7,3,0.0
LOAD_FROM_EXCLUSIVE,7,4,0.0
LOAD_FROM_EXCLUSIVE,7,5,0.0
LOAD_FROM_EXCLUSIVE,7,6,71.0
LOAD_FROM_EXCLUSIVE,7,7,0.0
LOAD_FROM_EXCLUSIVE,7,8,0.0
LOAD_FROM_EXCLUSIVE,7,9,0.0
LOAD_FROM_EXCLUSIVE,7,10,0.0
LOAD_FROM_EXCLUSIVE,7,11,0.0
LOAD_FROM_EXCLUSIVE,8,0,0.0
LOAD_FROM_EXCLUSIVE,8,1,0.0
LOAD_FROM_EXCLUSIVE,8,2,0.0
LOAD_FROM_EXCLUSIVE,8,3,0.0
LOAD_FROM_EXCLUSIVE,8,4,0.0
LOAD_FROM_EXCLUSIVE,8,5,0.0
LOAD_FROM_EXCLUSIVE,8,6,0.0
LOAD_FROM_EXCLUSIVE,8,7,0.0
LOAD_FROM_EXCLUSIVE,8,8,0.0
LOAD_FROM_EXCLUSIVE,8,9,0.0
LOAD_FROM_EXCLUSIVE,8,10,0.0
LOAD_FROM_EXCLUSIVE,8,11,0.0
LOAD_FROM_EXCLUSIVE,9,0,0.0
LOAD_FROM_EXCLUSIVE,9,1,0.0
LOAD_FROM_EXCLUSIVE,9,2,36.0
LOAD_FROM_EXCLUSIVE,9,3,0.0
LOAD_FROM_EXCLUSIVE,9,4,0.0
LOAD_FROM_EXCLUSIVE,9,5,36.0
LOAD_FROM_EXCLUSIVE,9,6,0.0
LOAD_FROM_EXCLUSIVE,9,7,0.0
LOAD_FROM_EXCLUSIVE,9,8,0.0
LOAD_FROM_EXCLUSIVE,9,9,0.0
LOAD_FROM_EXCLUSIVE,9,10,0.0
LOAD_FROM_EXCLUSIVE,9,11,0.0
LOAD_FROM_EXCLUSIVE,10,0,0.0
LOAD_FROM_EXCLUSIVE,10,1,0.0
LOAD_FROM_EXCLUSIVE,10,2,0.0
LOAD_FROM_EXCLUSIVE,10,3,36.0
LOAD_FROM_EXCLUSIVE,10,4,0.0
LOAD_FROM_EXCLUSIVE,10,5,0.0
LOAD_FROM_EXCLUSIVE,10,6,0.0
LOAD_FROM_EXCLUSIVE,10,7,0.0
LOAD_FROM_EXCLUSIVE,10,8,0.0
LOAD_FROM_EXCLUSIVE,10,9,0.0
LOAD_FROM_EXCLUSIVE,10,10,0.0
LOAD_FROM_EXCLUSIVE,10,11,0.0
LOAD_FROM_EXCLUSIVE,11,0,0.0
LOAD_FROM_EXCLUSIVE,11,1,0.0
LOAD_FROM_EXCLUSIVE,11,2,0.0
LOAD_FROM_EXCLUSIVE,11,3,36.0
LOAD_FROM_EXCLUSIVE,11,4,36.0
LOAD_FROM_EXCLUSIVE,11,5,0.0
LOAD_FROM_EXCLUSIVE,11,6,0.0
LOAD_FROM_EXCLUSIVE,11,7,0.0
LOAD_FROM_EXCLUSIVE,11,8,0.0
LOAD_FROM_EXCLUSIVE,11,9,0.0
LOAD_FROM_EXCLUSIVE,11,10,36.0
LOAD_FROM_EXCLUSIVE,11,11,0.0
LOAD_FROM_SHARED,0,0,0.0
LOAD_FROM_SHARED,0,1,0.0
LOAD_FROM_SHARED,0,2,0.0
LOAD_FROM_SHARED,0,3,0.0
LOAD_FROM_SHARED,0,4,0.0
LOAD_FROM_SHARED,0,5,0.0
LOAD_FROM_SHARED,0,6,0.0
LOAD_FROM_SHARED,0,7,0.0
LOAD_FROM_SHARED,0,8,0.0
LOAD_FROM_SHARED,0,9,0.0
LOAD_FROM_SHARED,0,10,0.0
LOAD_FROM_SHARED,0,11,0.0
LOAD_FROM_SHARED,1,0,0.0
LOAD_FROM_SHARED,1,1,0.0
LOAD_FROM_SHARED,1,2,36.0
LOAD_FROM_SHARED,1,3,0.0
LOAD_FROM_SHARED,1,4,0.0
LOAD_FROM_SHARED,1,5,36.0
LOAD_FROM_SHARED,1,6,0.0
LOAD_FROM_SHARED,1,7,0.0
LOAD_FROM_SHARED,1,8,0.0
LOAD_FROM_SHARED,1,9,0.0
LOAD_FROM_SHARED,1,10,0.0
LOAD_FROM_SHARED,1,11,0.0
LOAD_FROM_SHARED,2,0,0.0
LOAD_FROM_SHARED,2,1,0.0
LOAD_FROM_SHARED,2,2,0.0
LOAD_FROM_SHARED,2,3,0.0
LOAD_FROM_SHARED,2,4,0.0
LOAD_FROM_SHARED,2,5,0.0
LOAD_FROM_SHARED,2,6,0.0
LOAD_FROM_SHARED,2,7,0.0
LOAD_FROM_SHARED,2,8,0.0
LOAD_FROM_SHARED,2,9,0.0
LOAD_FROM_SHARED,2,10,36.0
LOAD_FROM_SHARED,2,11,0.0
LOAD_FROM_SHARED,3,0,0.0
LOAD_FROM_SHARED,3,1,0.0
LOAD_FROM_SHARED,3,2,0.0
LOAD_FROM_SHARED,3,3,0.0
LOAD_FROM_SHARED,3,4,0.0
LOAD_FROM_SHARED,3,5,36.0
LOAD_FROM_SHARED,3,6,0.0
LOAD_FROM_SHARED,3,7,0.0
LOAD_FROM_SHARED,3,8,0.0
LOAD_FROM_SHARED,3,9,0.0
LOAD_FROM_SHARED,3,10,0.0
LOAD_FROM_SHARED,3,11,0.0
LOAD_FROM_SHARED,4,0,0.0
LOAD_FROM_SHARED,4,1,36.0
LOAD_FROM_SHARED,4,2,36.0
LOAD_FROM_SHARED,4,3,0.0
LOAD_FROM_SHARED,4,4,0.0
LOAD_FROM_SHARED,4,5,0.0
LOAD_FROM_SHARED,4,6,0.0
LOAD_FROM_SHARED,4,7,36.0
LOAD_FROM_SHARED,4,8,36.0
LOAD_FROM_SHARED,4,9,0.0
LOAD_FROM_SHARED,4,10,0.0
LOAD_FROM_SHARED,4,11,0.0
LOAD_FROM_SHARED,5,0,0.0
LOAD_FROM_SHARED,5,1,0.0
LOAD_FROM_SHARED,5,2,36.0
LOAD_FROM_SHARED,5,3,0.0
LOAD_FROM_SHARED,5,4,0.0
LOAD_FROM_SHARED,5,5,35.0
LOAD_FROM_SHARED,5,6,0.0
LOAD_FROM_SHARED,5,7,0.0
LOAD_FROM_SHARED,5,8,0.0
LOAD_FROM_SHARED,5,9,0.0
LOAD_FROM_SHARED,5,10,0.0
LOAD_FROM_SHARED,5,11,0.0
LOAD_FROM_SHARED,6,0,0.0
LOAD_FROM_SHARED,6,1,0.0
LOAD_FROM_SHARED,6,2,0.0
LOAD_FROM_SHARED,6,3,0.0
LOAD_FROM_SHARED,6,4,0.0
LOAD_FROM_SHARED,6,5,0.0
LOAD_FROM_SHARED,6,6,0.0
LOAD_FROM_SHARED,6,7,0.0
LOAD_FROM_SHARED,6,8,0.0
LOAD_FROM_SHARED,6,9,0.0
LOAD_FROM_SHARED,6,10,0.0
LOAD_FROM_SHARED,6,11,0.0
LOAD_FROM_SHARED,7,0,0.0
LOAD_FROM_SHARED,7,1,0.0
LOAD_FROM_SHARED,7,2,0.0
LOAD_FROM_SHARED,7,3,0.0
LOAD_FROM_SHARED,7,4,0.0
LOAD_FROM_SHARED,7,5,0.0
LOAD_FROM_SHARED,7,6,0.0
LOAD_FROM_SHARED,7,7,0.0
LOAD_FROM_SHARED,7,8,0.0
LOAD_FROM_SHARED,7,9,36.0
LOAD_FROM_SHARED,7,10,0.0
LOAD_FROM_SHARED,7,11,0.0
LOAD_FROM_SHARED,8,0,0.0
LOAD_FROM_SHARED,8,1,0.0
LOAD_FROM_SHARED,8,2,0.0
LOAD_FROM_SHARED,8,3,36.0
LOAD_FROM_SHARED,8,4,0.0
LOAD_FROM_SHARED,8,5,0.0
LOAD_FROM_SHARED,8,6,0.0
LOAD_FROM_SHARED,8,7,36.0
LOAD_FROM_SHARED,8,8,35.0
LOAD_FROM_SHARED,8,9,0.0
LOAD_FROM_SHARED,8,10,0.0
LOAD_FROM_SHARED,8,11,0.0
LOAD_FROM_SHARED,9,0,35.0
LOAD_FROM_SHARED,9,1,0.0
LOAD_FROM_SHARED,9,2,0.0
LOAD_FROM_SHARED,9,3,0.0
LOAD_FROM_SHARED,9,4,36.0
LOAD_FROM_SHARED,9,5,0.0
LOAD_FROM_SHARED,9,6,0.0
LOAD_FROM_SHARED,9,7,0.0
LOAD_FROM_SHARED,9,8,0.0
LOAD_FROM_SHARED,9,9,0.0
LOAD_FROM_SHARED,9,10,36.0
LOAD_FROM_SHARED,9,11,0.0
LOAD_FROM_SHARED,10,0,0.0
LOAD_FROM_SHARED,10,1,0.0
LOAD_FROM_SHARED,10,2,0.0
LOAD_FROM_SHARED,10,3,36.0
LOAD_FROM_SHARED,10,4,0.0
LOAD_FROM_SHARED,10,5,0.0
LOAD_FROM_SHARED,10,6,0.0
LOAD_FROM_SHARED,10,7,0.0
LOAD_FROM_SHARED,10,8,0.0
LOAD_FROM_SHARED,10,9,0.0
LOAD_FROM_SHARED,10,10,0.0
LOAD_FROM_SHARED,10,11,0.0
LOAD_FROM_SHARED,11,0,0.0
LOAD_FROM_SHARED,11,1,0.0
LOAD_FROM_SHARED,11,2,36.0
LOAD_FROM_SHARED,11,3,36.0
LOAD_FROM_SHARED,11,4,0.0
LOAD_FROM_SHARED,11,5,0.0
LOAD_FROM_SHARED,11,6,0.0
LOAD_FROM_SHARED,11,7,0.0
LOAD_FROM_SHARED,11,8,252.0
LOAD_FROM_SHARED,11,9,0.0
LOAD_FROM_SHARED,11,10,0.0
LOAD_FROM_SHARED,11,11,0.0
LOAD_FROM_OWNED,0,0,0.0
LOAD_FROM_OWNED,0,1,0.0
LOAD_FROM_OWNED,0,2,36.0
LOAD_FROM_OWNED,0,3,0.0
LOAD_FROM_OWNED,0,4,0.0
LOAD_FROM_OWNED,0,5,36.0
LOAD_FROM_OWNED,0,6,0.0
LOAD_FROM_OWNED,0,7,0.0
LOAD_FROM_OWNED,0,8,0.0
LOAD_FROM_OWNED,0,9,0.0
LOAD_FROM_OWNED,0,10,36.0
LOAD_FROM_OWNED,0,11,0.0
LOAD_FROM_OWNED,1,0,0.0
LOAD_FROM_OWNED,1,1,0.0
LOAD_FROM_OWNED,1,2,0.0
LOAD_FROM_OWNED,1,3,0.0
LOAD_FROM_OWNED,1,4,0.0
LOAD_FROM_OWNED,1,5,0.0
LOAD_FROM_OWNED,1,6,0.0
LOAD_FROM_OWNED,1,7,0.0
LOAD_FROM_OWNED,1,8,36.0
LOAD_FROM_OWNED,1,9,36.0
LOAD_FROM_OWNED,1,10,0.0
LOAD_FROM_OWNED,1,11,0.0
LOAD_FROM_OWNED,2,0,0.0
LOAD_FROM_OWNED,2,1,0.0
LOAD_FROM_OWNED,2,2,0.0
LOAD_FROM_OWNED,2,3,0.0
LOAD_FROM_OWNED,2,4,36.0
LOAD_FROM_OWNED,2,5,0.0
LOAD_FROM_OWNED,2,6,0.0
LOAD_FROM_OWNED,2,7,0.0
LOAD_FROM_OWNED,2,8,0.0
LOAD_FROM_OWNED,2,9,0.0
LOAD_FROM_OWNED,2,10,36.0
LOAD_FROM_OWNED,2,11,0.0
LOAD_FROM_OWNED,3,0,0.0
LOAD_FROM_OWNED,3,1,0.0
LOAD_FROM_OWNED,3,2,0.0
LOAD_FROM_OWNED,3,3,0.0
LOAD_FROM_OWNED,3,4,0.0
LOAD_FROM_OWNED,3,5,36.0
LOAD_FROM_OWNED,3,6,0.0
LOAD_FROM_OWNED,3,7,0.0
LOAD_FROM_OWNED,3,8,0.0
LOAD_FROM_OWNED,3,9,0.0
LOAD_FROM_OWNED,3,10,0.0
LOAD_FROM_OWNED,3,11,0.0
LOAD_FROM_OWNED,4,0,0.0
LOAD_FROM_OWNED,4,1,0.0
LOAD_FROM_OWNED,4,2,0.0
LOAD_FROM_OWNED,4,3,0.0
LOAD_FROM_OWNED,4,4,0.0
LOAD_FROM_OWNED,4,5,36.0
LOAD_FROM_OWNED,4,6,0.0
LOAD_FROM_OWNED,4,7,0.0
LOAD_FROM_OWNED,4,8,0.0
LOAD_FROM_OWNED,4,9,0.0
LOAD_FROM_OWNED,4,10,0.0
LOAD_FROM_OWNED,4,11,36.0
LOAD_FROM_OWNED,5,0,0.0
LOAD_FROM_OWNED,5,1,0.0
LOAD_FROM_OWNED,5,2,36.0
LOAD_FROM_OWNED,5,3,0.0
LOAD_FROM_OWNED,5,4,36.0
LOAD_FROM_OWNED,5,5,0.0
LOAD_FROM_OWNED,5,6,0.0
LOAD_FROM_OWNED,5,7,288.0
LOAD_FROM_OWNED,5,8,0.0
LOAD_FROM_OWNED,5,9,0.0
LOAD_FROM_OWNED,5,10,0.0
LOAD_FROM_OWNED,5,11,0.0
LOAD_FROM_OWNED,6,0,0.0
LOAD_FROM_OWNED,6,1,0.0
LOAD_FROM_OWNED,6,2,36.0
LOAD_FROM_OWNED,6,3,0.0
LOAD_FROM_OWNED,6,4,36.0
LOAD_FROM_OWNED,6,5,36.0
LOAD_FROM_OWNED,6,6,0.0
LOAD_FROM_OWNED,6,7,36.0
LOAD_FROM_OWNED,6,8,0.0
LOAD_FROM_OWNED,6,9,0.0
LOAD_FROM_OWNED,6,10,36.0
LOAD_FROM_OWNED,6,11,36.0
LOAD_FROM_OWNED,7,0,0.0
LOAD_FROM_OWNED,7,1,36.0
LOAD_FROM_OWNED,7,2,0.0
LOAD_FROM_OWNED,7,3,0.0
LOAD_FROM_OWNED,7,4,0.0
LOAD_FROM_OWNED,7,5,0.0
LOAD_FROM_OWNED,7,6,0.0
LOAD_FROM_OWNED,7,7,0.0
LOAD_FROM_OWNED,7,8,36.0
LOAD_FROM_OWNED,7,9,0.0
LOAD_FROM_OWNED,7,10,0.0
LOAD_FROM_OWNED,7,11,0.0
LOAD_FROM_OWNED,8,0,0.0
LOAD_FROM_OWNED,8,1,36.0
LOAD_FROM_OWNED,8,2,0.0
LOAD_FROM_OWNED,8,3,36.0
LOAD_FROM_OWNED,8,4,36.0
LOAD_FROM_OWNED,8,5,0.0
LOAD_FROM_OWNED,8,6,35.0
LOAD_FROM_OWNED,8,7,0.0
LOAD_FROM_OWNED,8,8,0.0
LOAD_FROM_OWNED,8,9,0.0
LOAD_FROM_OWNED,8,10,0.0
LOAD_FROM_OWNED,8,11,36.0
LOAD_FROM_OWNED,9,0,0.0
LOAD_FROM_OWNED,9,1,0.0
LOAD_FROM_OWNED,9,2,0.0
LOAD_FROM_OWNED,9,3,0.0
LOAD_FROM_OWNED,9,4,0.0
LOAD_FROM_OWNED,9,5,0.0
LOAD_FROM_OWNED,9,6,0.0
LOAD_FROM_OWNED,9,7,0.0
LOAD_FROM_OWNED,9,8,0.0
LOAD_FROM_OWNED,9,9,0.0
LOAD_FROM_OWNED,9,10,0.0
LOAD_FROM_OWNED,9,11,0.0
LOAD_FROM_OWNED,10,0,0.0
LOAD_FROM_OWNED,10,1,0.0
LOAD_FROM_OWNED,10,2,0.0
LOAD_FROM_OWNED,10,3,0.0
LOAD_FROM_OWNED,10,4,0.0
LOAD_FROM_OWNED,10,5,0.0
LOAD_FROM_OWNED,10,6,0.0
LOAD_FROM_OWNED,10,7,0.0
LOAD_FROM_OWNED,10,8,36.0
LOAD_FROM_OWNED,10,9,0.0
LOAD_FROM_OWNED,10,10,0.0
LOAD_FROM_OWNED,10,11,0.0
LOAD_FROM_OWNED,11,0,0.0
LOAD_FROM_OWNED,11,1,36.0
LOAD_FROM_OWNED,11,2,0.0
LOAD_FROM_OWNED,11,3,0.0
LOAD_FROM_OWNED,11,4,0.0
LOAD_FROM_OWNED,11,5,0.0
LOAD_FROM_OWNED,11,6,35.0
LOAD_FROM_OWNED,11,7,0.0
LOAD_FROM_OWNED,11,8,0.0
LOAD_FROM_OWNED,11,9,0.0
LOAD_FROM_OWNED,11,10,36.0
LOAD_FROM_OWNED,11,11,0.0
LOAD_FROM_INVALID,0,0,0.0
LOAD_FROM_INVALID,0,1,0.0
LOAD_FROM_INVALID,0,2,0.0
LOAD_FROM_INVALID,0,3,0.0
LOAD_FROM_INVALID,0,4,0.0
LOAD_FROM_INVALID,0,5,0.0
LOAD_FROM_INVALID,0,6,251.0
LOAD_FROM_INVALID,0,7,0.0
LOAD_FROM_INVALID,0,8,35.0
LOAD_FROM_INVALID,0,9,0.0
LOAD_FROM_INVALID,0,10,0.0
LOAD_FROM_INVALID,0,11,0.0
LOAD_FROM_INVALID,1,0,0.0
LOAD_FROM_INVALID,1,1,0.0
LOAD_FROM_INVALID,1,2,0.0
LOAD_FROM_INVALID,1,3,36.0
LOAD_FROM_INVALID,1,4,36.0
LOAD_FROM_INVALID,1,5,0.0
LOAD_FROM_INVALID,1,6,0.0
LOAD_FROM_INVALID,1,7,0.0
LOAD_FROM_INVALID,1,8,36.0
LOAD_FROM_INVALID,1,9,0.0
LOAD_FROM_INVALID,1,10,0.0
LOAD_FROM_INVALID,1,11,0.0
LOAD_FROM_INVALID,2,0,0.0
LOAD_FROM_INVALID,2,1,36.0
LOAD_FROM_INVALID,2,2,0.0
LOAD_FROM_INVALID,2,3,0.0
LOAD_FROM_INVALID,2,4,36.0
LOAD_FROM_INVALID,2,5,0.0
LOAD_FROM_INVALID,2,6,0.0
LOAD_FROM_INVALID,2,7,0.0
LOAD_FROM_INVALID,2,8,0.0
LOAD_FROM_INVALID,2,9,0.0
LOAD_FROM_INVALID,2,10,36.0
LOAD_FROM_INVALID,2,11,36.0
LOAD_FROM_INVALID,3,0,0.0
LOAD_FROM_INVALID,3,1,0.0
LOAD_FROM_INVALID,3,2,0.0
LOAD_FROM_INVALID,3,3,0.0
LOAD_FROM_INVALID,3,4,0.0
LOAD_FROM_INVALID,3,5,0.0
LOAD_FROM_INVALID,3,6,0.0
LOAD_FROM_INVALID,3,7,0.0
LOAD_FROM_INVALID,3,8,0.0
LOAD_FROM_INVALID,3,9,180.0
LOAD_FROM_INVALID,3,10,0.0
LOAD_FROM_INVALID,3,11,0.0
LOAD_FROM_INVALID,4,0,0.0
LOAD_FROM_INVALID,4,1,0.0
LOAD_FROM_INVALID,4,2,0.0
LOAD_FROM_INVALID,4,3,0.0
LOAD_FROM_INVALID,4,4,0.0
LOAD_FROM_INVALID,4,5,0.0
LOAD_FROM_INVALID,4,6,0.0
LOAD_FROM_INVALID,4,7,0.0
LOAD_FROM_INVALID,4,8,0.0
LOAD_FROM_INVALID,4,9,0.0
LOAD_FROM_INVALID,4,10,0.0
LOAD_FROM_INVALID,4,11,0.0
LOAD_FROM_INVALID,5,0,0.0
LOAD_FROM_INVALID,5,1,0.0
LOAD_FROM_INVALID,5,2,0.0
LOAD_FROM_INVALID,5,3,0.0
LOAD_FROM_INVALID,5,4,36.0
LOAD_FROM_INVALID,5,5,0.0
LOAD_FROM_INVALID,5,6,0.0
LOAD_FROM_INVALID,5,7,0.0
LOAD_FROM_INVALID,5,8,0.0
LOAD_FROM_INVALID,5,9,0.0
LOAD_FROM_INVALID,5,10,0.0
LOAD_FROM_INVALID,5,11,0.0
LOAD_FROM_INVALID,6,0,0.0
LOAD_FROM_INVALID,6,1,35.0
LOAD_FROM_INVALID,6,2,0.0
LOAD_FROM_INVALID,6,3,0.0
LOAD_FROM_INVALID,6,4,0.0
LOAD_FROM_INVALID,6,5,0.0
LOAD_FROM_INVALID,6,6,35.0
LOAD_FROM_INVALID,6,7,0.0
LOAD_FROM_INVALID,6,8,35.0
LOAD_FROM_INVALID,6,9,0.0
LOAD_FROM_INVALID,6,10,0.0
LOAD_FROM_INVALID,6,11,0.0
LOAD_FROM_INVALID,7,0,36.0
LOAD_FROM_INVALID,7,1,0.0
LOAD_FROM_INVALID,7,2,0.0
LOAD_FROM_INVALID,7,3,0.0
LOAD_FROM_INVALID,7,4,0.0
LOAD_FROM_INVALID,7,5,0.0
LOAD_FROM_INVALID,7,6,0.0
LOAD_FROM_INVALID,7,7,0.0
LOAD_FROM_INVALID,7,8,0.0
LOAD_FROM_INVALID,7,9,36.0
LOAD_FROM_INVALID,7,10,0.0
LOAD_FROM_INVALID,7,11,36.0
LOAD_FROM_INVALID,8,0,0.0
LOAD_FROM_INVALID,8,1,0.0
LOAD_FROM_INVALID,8,2,144.0
LOAD_FROM_INVALID,8,3,0.0
LOAD_FROM_INVALID,8,4,36.0
LOAD_FROM_INVALID,8,5,0.0
LOAD_FROM_INVALID,8,6,0.0
LOAD_FROM_INVALID,8,7,0.0
LOAD_FROM_INVALID,8,8,0.0
LOAD_FROM_INVALID,8,9,0.0
LOAD_FROM_INVALID,8,10,0.0
LOAD_FROM_INVALID,8,11,36.0
LOAD_FROM_INVALID,9,0,0.0
LOAD_FROM_INVALID,9,1,0.0
LOAD_FROM_INVALID,9,2,0.0
LOAD_FROM_INVALID,9,3,0.0
LOAD_FROM_INVALID,9,4,0.0
LOAD_FROM_INVALID,9,5,0.0
LOAD_FROM_INVALID,9,6,0.0
LOAD_FROM_INVALID,9,7,0.0
LOAD_FROM_INVALID,9,8,0.0
LOAD_FROM_INVALID,9,9,0.0
LOAD_FROM_INVALID,9,10,0.0
LOAD_FROM_INVALID,9,11,0.0
LOAD_FROM_INVALID,10,0,0.0
LOAD_FROM_INVALID,10,1,0.0
LOAD_FROM_INVALID,10,2,0.0
LOAD_FROM_INVALID,10,3,0.0
LOAD_FROM_INVALID,10,4,0.0
LOAD_FROM_INVALID,10,5,0.0
LOAD_FROM_INVALID,10,6,36.0
LOAD_FROM_INVALID,10,7,0.0
LOAD_FROM_INVALID,10,8,0.0
LOAD_FROM_INVALID,10,9,0.0
LOAD_FROM_INVALID,10,10,0.0
LOAD_FROM_INVALID,10,11,0.0
LOAD_FROM_INVALID,11,0,0.0
LOAD_FROM_INVALID,11,1,0.0
LOAD_FROM_INVALID,11,2,0.0
LOAD_FROM_INVALID,11,3,0.0
LOAD_FROM_INVALID,11,4,0.0
LOAD_FROM_INVALID,11,5,0.0
LOAD_FROM_INVALID,11,6,0.0
LOAD_FROM_INVALID,11,7,0.0
LOAD_FROM_INVALID,11,8,0.0
LOAD_FROM_INVALID,11,9,0.0
LOAD_FROM_INVALID,11,10,0.0
LOAD_FROM_INVALID,11,11,0.0
CAS_ON_MODIFIED,0,0,0.0
CAS_ON_MODIFIED,0,1,0.0
CAS_ON_MODIFIED,0,2,0.0
CAS_ON_MODIFIED,0,3,0.0
CAS_ON_MODIFIED,0,4,0.0
CAS_ON_MODIFIED,0,5,0.0
CAS_ON_MODIFIED,0,6,0.0
CAS_ON_MODIFIED,0,7,0.0
CAS_ON_MODIFIED,0,8,0.0
CAS_ON_MODIFIED,0,9,0.0
CAS_ON_MODIFIED,0,10,0.0
CAS_ON_MODIFIED,0,11,0.0
CAS_ON_MODIFIED,1,0,0.0
CAS_ON_MODIFIED,1,1,0.0
CAS_ON_MODIFIED,1,2,36.0
CAS_ON_MODIFIED,1,3,0.0
CAS_ON_MODIFIED,1,4,0.0
CAS_ON_MODIFIED,1,5,0.0
CAS_ON_MODIFIED,1,6,35.0
CAS_ON_MODIFIED,1,7,0.0
CAS_ON_MODIFIED,1,8,0.0
CAS_ON_MODIFIED,1,9,0.0
CAS_ON_MODIFIED,1,10,0.0
CAS_ON_MODIFIED,1,11,0.0
CAS_ON_MODIFIED,2,0,0.0
CAS_ON_MODIFIED,2,1,0.0
CAS_ON_MODIFIED,2,2,35.0
CAS_ON_MODIFIED,2,3,0.0
CAS_ON_MODIFIED,2,4,0.0
CAS_ON_MODIFIED,2,5,36.0
CAS_ON_MODIFIED,2,6,0.0
CAS_ON_MODIFIED,2,7,0.0
CAS_ON_MODIFIED,2,8,0.0
CAS_ON_MODIFIED,2,9,0.0
CAS_ON_MODIFIED,2,10,0.0
CAS_ON_MODIFIED,2,11,0.0
CAS_ON_MODIFIED,3,0,0.0
CAS_ON_MODIFIED,3,1,36.0
CAS_ON_MODIFIED,3,2,36.0
CAS_ON_MODIFIED,3,3,0.0
CAS_ON_MODIFIED,3,4,0.0
CAS_ON_MODIFIED,3,5,0.0
CAS_ON_MODIFIED,3,6,0.0
CAS_ON_MODIFIED,3,7,0.0
CAS_ON_MODIFIED,3,8,0.0
CAS_ON_MODIFIED,3,9,0.0
CAS_ON_MODIFIED,3,10,0.0
CAS_ON_MODIFIED,3,11,36.0
CAS_ON_MODIFIED,4,0,0.0
CAS_ON_MODIFIED,4,1,0.0
CAS_ON_MODIFIED,4,2,0.0
CAS_ON_MODIFIED,4,3,0.0
CAS_ON_MODIFIED,4,4,0.0
CAS_ON_MODIFIED,4,5,36.0
CAS_ON_MODIFIED,4,6,0.0
CAS_ON_MODIFIED,4,7,36.0
CAS_ON_MODIFIED,4,8,0.0
CAS_ON_MODIFIED,4,9,0.0
CAS_ON_MODIFIED,4,10,0.0
CAS_ON_MODIFIED,4,11,0.0
CAS_ON_MODIFIED,5,0,287.0
CAS_ON_MODIFIED,5,1,0.0
CAS_ON_MODIFIED,5,2,0.0
CAS_ON_MODIFIED,5,3,36.0
CAS_ON_MODIFIED,5,4,0.0
CAS_ON_MODIFIED,5,5,0.0
CAS_ON_MODIFIED,5,6,0.0
CAS_ON_MODIFIED,5,7,0.0
CAS_ON_MODIFIED,5,8,0.0
CAS_ON_MODIFIED,5,9,0.0
CAS_ON_MODIFIED,5,10,0.0
CAS_ON_MODIFIED,5,11,0.0
CAS_ON_MODIFIED,6,0,0.0
CAS_ON_MODIFIED,6,1,0.0
CAS_ON_MODIFIED,6,2,36.0
CAS_ON_MODIFIED,6,3,0.0
CAS_ON_MODIFIED,6,4,0.0
CAS_ON_MODIFIED,6,5,0.0
CAS_ON_MODIFIED,6,6,0.0
CAS_ON_MODIFIED,6,7,0.0
CAS_ON_MODIFIED,6,8,0.0
CAS_ON_MODIFIED,6,9,0.0
CAS_ON_MODIFIED,6,10,0.0
CAS_ON_MODIFIED,6,11,0.0
CAS_ON_MODIFIED,7,0,0.0
CAS_ON_MODIFIED,7,1,0.0
CAS_ON_MODIFIED,7,2,36.0
CAS_ON_MODIFIED,7,3,0.0
CAS_ON_MODIFIED,7,4,0.0
CAS_ON_MODIFIED,7,5,0.0
CAS_ON_MODIFIED,7,6,0.0
CAS_ON_MODIFIED,7,7,0.0
CAS_ON_MODIFIED,7,8,0.0
CAS_ON_MODIFIED,7,9,0.0
CAS_ON_MODIFIED,7,10,0.0
CAS_ON_MODIFIED,7,11,0.0
CAS_ON_MODIFIED,8,0,0.0
CAS_ON_MODIFIED,8,1,36.0
CAS_ON_MODIFIED,8,2,36.0
CAS_ON_MODIFIED,8,3,0.0
CAS_ON_MODIFIED,8,4,0.0
CAS_ON_MODIFIED,8,5,0.0
CAS_ON_MODIFIED,8,6,0.0
CAS_ON_MODIFIED,8,7,0.0
CAS_ON_MODIFIED,8,8,0.0
CAS_ON_MODIFIED,8,9,0.0
CAS_ON_MODIFIED,8,10,36.0
CAS_ON_MODIFIED,8,11,36.0
CAS_ON_MODIFIED,9,0,0.0
CAS_ON_MODIFIED,9,1,0.0
CAS_ON_MODIFIED,9,2,36.0
CAS_ON_MODIFIED,9,3,0.0
CAS_ON_MODIFIED,9,4,0.0
CAS_ON_MODIFIED,9,5,0.0
CAS_ON_MODIFIED,9,6,0.0
CAS_ON_MODIFIED,9,7,0.0
CAS_ON_MODIFIED,9,8,0.0
CAS_ON_MODIFIED,9,9,34.0
CAS_ON_MODIFIED,9,10,0.0
CAS_ON_MODIFIED,9,11,0.0
CAS_ON_MODIFIED,10,0,0.0
CAS_ON_MODIFIED,10,1,0.0
CAS_ON_MODIFIED,10,2,360.0
CAS_ON_MODIFIED,10,3,0.0
CAS_ON_MODIFIED,10,4,0.0
CAS_ON_MODIFIED,10,5,0.0
CAS_ON_MODIFIED,10,6,0.0
CAS_ON_MODIFIED,10,7,0.0
CAS_ON_MODIFIED,10,8,36.0
CAS_ON_MODIFIED,10,9,0.0
CAS_ON_MODIFIED,10,10,35.0
CAS_ON_MODIFIED,10,11,0.0
CAS_ON_MODIFIED,11,0,0.0
CAS_ON_MODIFIED,11,1,0.0
CAS_ON_MODIFIED,11,2,0.0
CAS_ON_MODIFIED,11,3,0.0
CAS_ON_MODIFIED,11,4,0.0
CAS_ON_MODIFIED,11,5,0.0
CAS_ON_MODIFIED,11,6,0.0
CAS_ON_MODIFIED,11,7,0.0
CAS_ON_MODIFIED,11,8,36.0
CAS_ON_MODIFIED,11,9,36.0
CAS_ON_MODIFIED,11,10,0.0
CAS_ON_MODIFIED,11,11,0.0
FAI_ON_MODIFIED,0,0,0.0
FAI_ON_MODIFIED,0,1,0.0
FAI_ON_MODIFIED,0,2,0.0
FAI_ON_MODIFIED,0,3,0.0
FAI_ON_MODIFIED,0,4,0.0
FAI_ON_MODIFIED,0,5,36.0
FAI_ON_MODIFIED,0,6,0.0
FAI_ON_MODIFIED,0,7,0.0
FAI_ON_MODIFIED,0,8,0.0
FAI_ON_MODIFIED,0,9,35.0
FAI_ON_MODIFIED,0,10,0.0
FAI_ON_MODIFIED,0,11,0.0
FAI_ON_MODIFIED,1,0,0.0
FAI_ON_MODIFIED,1,1,216.0
FAI_ON_MODIFIED,1,2,0.0
FAI_ON_MODIFIED,1,3,0.0
FAI_ON_MODIFIED,1,4,0.0
FAI_ON_MODIFIED,1,5,0.0
FAI_ON_MODIFIED,1,6,0.0
FAI_ON_MODIFIED,1,7,0.0
FAI_ON_MODIFIED,1,8,0.0
FAI_ON_MODIFIED,1,9,0.0
FAI_ON_MODIFIED,1,10,0.0
FAI_ON_MODIFIED,1,11,0.0
FAI_ON_MODIFIED,2,0,0.0
FAI_ON_MODIFIED,2,1,36.0
FAI_ON_MODIFIED,2,2,0.0
FAI_ON_MODIFIED,2,3,0.0
FAI_ON_MODIFIED,2,4,0.0
FAI_ON_MODIFIED,2,5,0.0
FAI_ON_MODIFIED,2,6,0.0
FAI_ON_MODIFIED,2,7,0.0
FAI_ON_MODIFIED,2,8,0.0
FAI_ON_MODIFIED,2,9,36.0
FAI_ON_MODIFIED,2,10,0.0
FAI_ON_MODIFIED,2,11,0.0
FAI_ON_MODIFIED,3,0,0.0
FAI_ON_MODIFIED,3,1,0.0
FAI_ON_MODIFIED,3,2,36.0
FAI_ON_MODIFIED,3,3,0.0
FAI_ON_MODIFIED,3,4,0.0
FAI_ON_MODIFIED,3,5,0.0
FAI_ON_MODIFIED,3,6,0.0
FAI_ON_MODIFIED,3,7,36.0
FAI_ON_MODIFIED,3,8,0.0
FAI_ON_MODIFIED,3,9,0.0
FAI_ON_MODIFIED,3,10,0.0
FAI_ON_MODIFIED,3,11,0.0
FAI_ON_MODIFIED,4,0,0.0
FAI_ON_MODIFIED,4,1,0.0
FAI_ON_MODIFIED,4,2,36.0
FAI_ON_MODIFIED,4,3,0.0
FAI_ON_MODIFIED,4,4,0.0
FAI_ON_MODIFIED,4,5,0.0
FAI_ON_MODIFIED,4,6,0.0
FAI_ON_MODIFIED,4,7,0.0
FAI_ON_MODIFIED,4,8,0.0
FAI_ON_MODIFIED,4,9,0.0
FAI_ON_MODIFIED,4,10,0.0
FAI_ON_MODIFIED,4,11,36.0
FAI_ON_MODIFIED,5,0,0.0
FAI_ON_MODIFIED,5,1,0.0
FAI_ON_MODIFIED,5,2,0.0
FAI_ON_MODIFIED,5,3,0.0
FAI_ON_MODIFIED,5,4,0.0
FAI_ON_MODIFIED,5,5,0.0
FAI_ON_MODIFIED,5,6,0.0
FAI_ON_MODIFIED,5,7,0.0
FAI_ON_MODIFIED,5,8,0.0
FAI_ON_MODIFIED,5,9,0.0
FAI_ON_MODIFIED,5,10,0.0
FAI_ON_MODIFIED,5,11,0.0
FAI_ON_MODIFIED,6,0,35.0
FAI_ON_MODIFIED,6,1,0.0
FAI_ON_MODIFIED,6,2,0.0
FAI_ON_MODIFIED,6,3,0.0
FAI_ON_MODIFIED,6,4,0.0
FAI_ON_MODIFIED,6,5,0.0
FAI_ON_MODIFIED,6,6,0.0
FAI_ON_MODIFIED,6,7,0.0
FAI_ON_MODIFIED,6,8,0.0
FAI_ON_MODIFIED,6,9,0.0
FAI_ON_MODIFIED,6,10,0.0
FAI_ON_MODIFIED,6,11,0.0
FAI_ON_MODIFIED,7,0,0.0
FAI_ON_MODIFIED,7,1,0.0
FAI_ON_MODIFIED,7,2,36.0
FAI_ON_MODIFIED,7,3,0.0
FAI_ON_MODIFIED,7,4,0.0
FAI_ON_MODIFIED,7,5,0.0
FAI_ON_MODIFIED,7,6,35.0
FAI_ON_MODIFIED,7,7,0.0
FAI_ON_MODIFIED,7,8,0.0
FAI_ON_MODIFIED,7,9,0.0
FAI_ON_MODIFIED,7,10,0.0
FAI_ON_MODIFIED,7,11,0.0
FAI_ON_MODIFIED,8,0,0.0
FAI_ON_MODIFIED,8,1,0.0
FAI_ON_MODIFIED,8,2,0.0
FAI_ON_MODIFIED,8,3,0.0
FAI_ON_MODIFIED,8,4,0.0
FAI_ON_MODIFIED,8,5,0.0
FAI_ON_MODIFIED,8,6,0.0
FAI_ON_MODIFIED,8,7,0.0
FAI_ON_MODIFIED,8,8,0.0
FAI_ON_MODIFIED,8,9,0.0
FAI_ON_MODIFIED,8,10,0.0
FAI_ON_MODIFIED,8,11,36.0
FAI_ON_MODIFIED,9,0,35.0
FAI_ON_MODIFIED,9,1,0.0
FAI_ON_MODIFIED,9,2,0.0
FAI_ON_MODIFIED,9,3,0.0
FAI_ON_MODIFIED,9,4,0.0
FAI_ON_MODIFIED,9,5,0.0
FAI_ON_MODIFIED,9,6,0.0
FAI_ON_MODIFIED,9,7,0.0
FAI_ON_MODIFIED,9,8,36.0
FAI_ON_MODIFIED,9,9,0.0
FAI_ON_MODIFIED,9,10,0.0
FAI_ON_MODIFIED,9,11,0.0
FAI_ON_MODIFIED,10,0,0.0
FAI_ON_MODIFIED,10,1,0.0
FAI_ON_MODIFIED,10,2,0.0
FAI_ON_MODIFIED,10,3,0.0
FAI_ON_MODIFIED,10,4,0.0
FAI_ON_MODIFIED,10,5,36.0
FAI_ON_MODIFIED,10,6,0.0
FAI_ON_MODIFIED,10,7,0.0
FAI_ON_MODIFIED,10,8,36.0
FAI_ON_MODIFIED,10,9,0.0
FAI_ON_MODIFIED,10,10,180.0
FAI_ON_MODIFIED,10,11,0.0
FAI_ON_MODIFIED,11,0,0.0
FAI_ON_MODIFIED,11,1,0.0
FAI_ON_MODIFIED,11,2,0.0
FAI_ON_MODIFIED,11,3,0.0
FAI_ON_MODIFIED,11,4,0.0
FAI_ON_MODIFIED,11,5,36.0
FAI_ON_MODIFIED,11,6,0.0
FAI_ON_MODIFIED,11,7,0.0
FAI_ON_MODIFIED,11,8,0.0
FAI_ON_MODIFIED,11,9,0.0
FAI_ON_MODIFIED,11,10,36.0
FAI_ON_MODIFIED,11,11,0.0
TAS_ON_MODIFIED,0,0,0.0
TAS_ON_MODIFIED,0,1,0.0
TAS_ON_MODIFIED,0,2,0.0
TAS_ON_MODIFIED,0,3,0.0
TAS_ON_MODIFIED,0,4,0.0
TAS_ON_MODIFIED,0,5,0.0
TAS_ON_MODIFIED,0,6,0.0
TAS_ON_MODIFIED,0,7,0.0
TAS_ON_MODIFIED,0,8,0.0
TAS_ON_MODIFIED,0,9,0.0
TAS_ON_MODIFIED,0,10,0.0
TAS_ON_MODIFIED,0,11,0.0
TAS_ON_MODIFIED,1,0,0.0
TAS_ON_MODIFIED,1,1,0.0
TAS_ON_MODIFIED,1,2,0.0
TAS_ON_MODIFIED,1,3,0.0
TAS_ON_MODIFIED,1,4,36.0
TAS_ON_MODIFIED,1,5,36.0
TAS_ON_MODIFIED,1,6,0.0
TAS_ON_MODIFIED,1,7,0.0
TAS_ON_MODIFIED,1,8,0.0
TAS_ON_MODIFIED,1,9,0.0
TAS_ON_MODIFIED,1,10,0.0
TAS_ON_MODIFIED,1,11,36.0
TAS_ON_MODIFIED,2,0,0.0
TAS_ON_MODIFIED,2,1,0.0
TAS_ON_MODIFIED,2,2,0.0
TAS_ON_MODIFIED,2,3,0.0
TAS_ON_MODIFIED,2,4,0.0
TAS_ON_MODIFIED,2,5,0.0
TAS_ON_MODIFIED,2,6,0.0
TAS_ON_MODIFIED,2,7,0.0
TAS_ON_MODIFIED,2,8,0.0
TAS_ON_MODIFIED,2,9,0.0
TAS_ON_MODIFIED,2,10,0.0
TAS_ON_MODIFIED,2,11,0.0
TAS_ON_MODIFIED,3,0,288.0
TAS_ON_MODIFIED,3,1,36.0
TAS_ON_MODIFIED,3,2,324.0
TAS_ON_MODIFIED,3,3,0.0
TAS_ON_MODIFIED,3,4,0.0
TAS_ON_MODIFIED,3,5,0.0
TAS_ON_MODIFIED,3,6,0.0
TAS_ON_MODIFIED,3,7,0.0
TAS_ON_MODIFIED,3,8,0.0
TAS_ON_MODIFIED,3,9,0.0
TAS_ON_MODIFIED,3,10,0.0
TAS_ON_MODIFIED,3,11,36.0
TAS_ON_MODIFIED,4,0,0.0
TAS_ON_MODIFIED,4,1,0.0
TAS_ON_MODIFIED,4,2,0.0
TAS_ON_MODIFIED,4,3,36.0
TAS_ON_MODIFIED,4,4,0.0
TAS_ON_MODIFIED,4,5,0.0
TAS_ON_MODIFIED,4,6,0.0
TAS_ON_MODIFIED,4,7,0.0
TAS_ON_MODIFIED,4,8,36.0
TAS_ON_MODIFIED,4,9,0.0
TAS_ON_MODIFIED,4,10,0.0
TAS_ON_MODIFIED,4,11,0.0
TAS_ON_MODIFIED,5,0,0.0
TAS_ON_MODIFIED,5,1,36.0
TAS_ON_MODIFIED,5,2,0.0
TAS_ON_MODIFIED,5,3,0.0
TAS_ON_MODIFIED,5,4,0.0
TAS_ON_MODIFIED,5,5,0.0
TAS_ON_MODIFIED,5,6,0.0
TAS_ON_MODIFIED,5,7,0.0
TAS_ON_MODIFIED,5,8,0.0
TAS_ON_MODIFIED,5,9,0.0
TAS_ON_MODIFIED,5,10,36.0
TAS_ON_MODIFIED,5,11,0.0
TAS_ON_MODIFIED,6,0,0.0
TAS_ON_MODIFIED,6,1,0.0
TAS_ON_MODIFIED,6,2,0.0
TAS_ON_MODIFIED,6,3,0.0
TAS_ON_MODIFIED,6,4,0.0
TAS_ON_MODIFIED,6,5,0.0
TAS_ON_MODIFIED,6,6,0.0
TAS_ON_MODIFIED,6,7,0.0
TAS_ON_MODIFIED,6,8,0.0
TAS_ON_MODIFIED,6,9,0.0
TAS_ON_MODIFIED,6,10,0.0
TAS_ON_MODIFIED,6,11,0.0
TAS_ON_MODIFIED,7,0,0.0
TAS_ON_MODIFIED,7,1,0.0
TAS_ON_MODIFIED,7,2,0.0
TAS_ON_MODIFIED,7,3,0.0
TAS_ON_MODIFIED,7,4,0.0
TAS_ON_MODIFIED,7,5,0.0
TAS_ON_MODIFIED,7,6,0.0
TAS_ON_MODIFIED,7,7,0.0
TAS_ON_MODIFIED,7,8,36.0
TAS_ON_MODIFIED,7,9,0.0
TAS_ON_MODIFIED,7,10,0.0
TAS_ON_MODIFIED,7,11,0.0
TAS_ON_MODIFIED,8,0,0.0
TAS_ON_MODIFIED,8,1,0.0
TAS_ON_MODIFIED,8,2,0.0
TAS_ON_MODIFIED,8,3,36.0
TAS_ON_MODIFIED,8,4,0.0
TAS_ON_MODIFIED,8,5,36.0
TAS_ON_MODIFIED,8,6,0.0
TAS_ON_MODIFIED,8,7,0.0
TAS_ON_MODIFIED,8,8,0.0
TAS_ON_MODIFIED,8,9,0.0
TAS_ON_MODIFIED,8,10,0.0
TAS_ON_MODIFIED,8,11,0.0
TAS_ON_MODIFIED,9,0,0.0
TAS_ON_MODIFIED,9,1,0.0
TAS_ON_MODIFIED,9,2,0.0
TAS_ON_MODIFIED,9,3,0.0
TAS_ON_MODIFIED,9,4,0.0
TAS_ON_MODIFIED,9,5,0.0
TAS_ON_MODIFIED,9,6,35.0
TAS_ON_MODIFIED,9,7,0.0
TAS_ON_MODIFIED,9,8,0.0
TAS_ON_MODIFIED,9,9,0.0
TAS_ON_MODIFIED,9,10,0.0
TAS_ON_MODIFIED,9,11,0.0
TAS_ON_MODIFIED,10,0,0.0
TAS_ON_MODIFIED,10,1,0.0
TAS_ON_MODIFIED,10,2,0.0
TAS_ON_MODIFIED,10,3,0.0
TAS_ON_MODIFIED,10,4,36.0
TAS_ON_MODIFIED,10,5,36.0
TAS_ON_MODIFIED,10,6,0.0
TAS_ON_MODIFIED,10,7,0.0
TAS_ON_MODIFIED,10,8,0.0
TAS_ON_MODIFIED,10,9,0.0
TAS_ON_MODIFIED,10,10,0.0
TAS_ON_MODIFIED,10,11,0.0
TAS_ON_MODIFIED,11,0,0.0
TAS_ON_MODIFIED,11,1,0.0
TAS_ON_MODIFIED,11,2,36.0
TAS_ON_MODIFIED,11,3,0.0
TAS_ON_MODIFIED,11,4,0.0
TAS_ON_MODIFIED,11,5,36.0
TAS_ON_MODIFIED,11,6,0.0
TAS_ON_MODIFIED,11,7,0.0
TAS_ON_MODIFIED,11,8,36.0
TAS_ON_MODIFIED,11,9,0.0
TAS_ON_MODIFIED,11,10,0.0
TAS_ON_MODIFIED,11,11,0.0
SWAP_ON_MODIFIED,0,0,0.0
SWAP_ON_MODIFIED,0,1,0.0
SWAP_ON_MODIFIED,0,2,0.0
SWAP_ON_MODIFIED,0,3,0.0
SWAP_ON_MODIFIED,0,4,0.0
SWAP_ON_MODIFIED,0,5,0.0
SWAP_ON_MODIFIED,0,6,35.0
SWAP_ON_MODIFIED,0,7,0.0
SWAP_ON_MODIFIED,0,8,0.0
SWAP_ON_MODIFIED,0,9,0.0
SWAP_ON_MODIFIED,0,10,0.0
SWAP_ON_MODIFIED,0,11,0.0
SWAP_ON_MODIFIED,1,0,0.0
SWAP_ON_MODIFIED,1,1,0.0
SWAP_ON_MODIFIED,1,2,0.0
SWAP_ON_MODIFIED,1,3,35.0
SWAP_ON_MODIFIED,1,4,0.0
SWAP_ON_MODIFIED,1,5,0.0
SWAP_ON_MODIFIED,1,6,0.0
SWAP_ON_MODIFIED,1,7,0.0
SWAP_ON_MODIFIED,1,8,0.0
SWAP_ON_MODIFIED,1,9,0.0
SWAP_ON_MODIFIED,1,10,36.0
SWAP_ON_MODIFIED,1,11,0.0
SWAP_ON_MODIFIED,2,0,0.0
SWAP_ON_MODIFIED,2,1,0.0
SWAP_ON_MODIFIED,2,2,0.0
SWAP_ON_MODIFIED,2,3,0.0
SWAP_ON_MODIFIED,2,4,0.0
SWAP_ON_MODIFIED,2,5,0.0
SWAP_ON_MODIFIED,2,6,0.0
SWAP_ON_MODIFIED,2,7,0.0
SWAP_ON_MODIFIED,2,8,0.0
SWAP_ON_MODIFIED,2,9,0.0
SWAP_ON_MODIFIED,2,10,0.0
SWAP_ON_MODIFIED,2,11,0.0
SWAP_ON_MODIFIED,3,0,0.0
SWAP_ON_MODIFIED,3,1,0.0
SWAP_ON_MODIFIED,3,2,0.0
SWAP_ON_MODIFIED,3,3,0.0
SWAP_ON_MODIFIED,3,4,0.0
SWAP_ON_MODIFIED,3,5,0.0
SWAP_ON_MODIFIED,3,6,0.0
SWAP_ON_MODIFIED,3,7,0.0
SWAP_ON_MODIFIED,3,8,0.0
SWAP_ON_MODIFIED,3,9,35.0
SWAP_ON_MODIFIED,3,10,36.0
SWAP_ON_MODIFIED,3,11,0.0
SWAP_ON_MODIFIED,4,0,0.0
SWAP_ON_MODIFIED,4,1,36.0
SWAP_ON_MODIFIED,4,2,0.0
SWAP_ON_MODIFIED,4,3,36.0
SWAP_ON_MODIFIED,4,4,0.0
SWAP_ON_MODIFIED,4,5,0.0
SWAP_ON_MODIFIED,4,6,0.0
SWAP_ON_MODIFIED,4,7,0.0
SWAP_ON_MODIFIED,4,8,0.0
SWAP_ON_MODIFIED,4,9,0.0
SWAP_ON_MODIFIED,4,10,0.0
SWAP_ON_MODIFIED,4,11,0.0
SWAP_ON_MODIFIED,5,0,0.0
SWAP_ON_MODIFIED,5,1,0.0
SWAP_ON_MODIFIED,5,2,0.0
SWAP_ON_MODIFIED,5,3,0.0
SWAP_ON_MODIFIED,5,4,0.0
SWAP_ON_MODIFIED,5,5,0.0
SWAP_ON_MODIFIED,5,6,0.0
SWAP_ON_MODIFIED,5,7,0.0
SWAP_ON_MODIFIED,5,8,0.0
SWAP_ON_MODIFIED,5,9,36.0
SWAP_ON_MODIFIED,5,10,0.0
SWAP_ON_MODIFIED,5,11,0.0
SWAP_ON_MODIFIED,6,0,0.0
SWAP_ON_MODIFIED,6,1,36.0
SWAP_ON_MODIFIED,6,2,0.0
SWAP_ON_MODIFIED,6,3,0.0
SWAP_ON_MODIFIED,6,4,0.0
SWAP_ON_MODIFIED,6,5,0.0
SWAP_ON_MODIFIED,6,6,0.0
SWAP_ON_MODIFIED,6,7,0.0
SWAP_ON_MODIFIED,6,8,0.0
SWAP_ON_MODIFIED,6,9,0.0
SWAP_ON_MODIFIED,6,10,0.0
SWAP_ON_MODIFIED,6,11,36.0
SWAP_ON_MODIFIED,7,0,0.0
SWAP_ON_MODIFIED,7,1,36.0
SWAP_ON_MODIFIED,7,2,0.0
SWAP_ON_MODIFIED,7,3,0.0
SWAP_ON_MODIFIED,7,4,0.0
SWAP_ON_MODIFIED,7,5,36.0
SWAP_ON_MODIFIED,7,6,35.0
SWAP_ON_MODIFIED,7,7,0.0
SWAP_ON_MODIFIED,7,8,0.0
SWAP_ON_MODIFIED,7,9,0.0
SWAP_ON_MODIFIED,7,10,0.0
SWAP_ON_MODIFIED,7,11,0.0
SWAP_ON_MODIFIED,8,0,0.0
SWAP_ON_MODIFIED,8,1,0.0
SWAP_ON_MODIFIED,8,2,0.0
SWAP_ON_MODIFIED,8,3,0.0
SWAP_ON_MODIFIED,8,4,0.0
SWAP_ON_MODIFIED,8,5,0.0
SWAP_ON_MODIFIED,8,6,0.0
SWAP_ON_MODIFIED,8,7,0.0
SWAP_ON_MODIFIED,8,8,0.0
SWAP_ON_MODIFIED,8,9,0.0
SWAP_ON_MODIFIED,8,10,252.0
SWAP_ON_MODIFIED,8,11,0.0
SWAP_ON_MODIFIED,9,0,0.0
SWAP_ON_MODIFIED,9,1,36.0
SWAP_ON_MODIFIED,9,2,0.0
SWAP_ON_MODIFIED,9,3,0.0
SWAP_ON_MODIFIED,9,4,0.0
SWAP_ON_MODIFIED,9,5,0.0
SWAP_ON_MODIFIED,9,6,0.0
SWAP_ON_MODIFIED,9,7,0.0
SWAP_ON_MODIFIED,9,8,36.0
SWAP_ON_MODIFIED,9,9,0.0
SWAP_ON_MODIFIED,9,10,0.0
SWAP_ON_MODIFIED,9,11,0.0
SWAP_ON_MODIFIED,10,0,0.0
SWAP_ON_MODIFIED,10,1,0.0
SWAP_ON_MODIFIED,10,2,0.0
SWAP_ON_MODIFIED,10,3,0.0
SWAP_ON_MODIFIED,10,4,36.0
SWAP_ON_MODIFIED,10,5,0.0
SWAP_ON_MODIFIED,10,6,0.0
SWAP_ON_MODIFIED,10,7,0.0
SWAP_ON_MODIFIED,10,8,0.0
SWAP_ON_MODIFIED,10,9,0.0
SWAP_ON_MODIFIED,10,10,0.0
SWAP_ON_MODIFIED,10,11,36.0
SWAP_ON_MODIFIED,11,0,0.0
SWAP_ON_MODIFIED,11,1,0.0
SWAP_ON_MODIFIED,11,2,0.0
SWAP_ON_MODIFIED,11,3,0.0
SWAP_ON_MODIFIED,11,4,0.0
SWAP_ON_MODIFIED,11,5,0.0
SWAP_ON_MODIFIED,11,6,0.0
SWAP_ON_MODIFIED,11,7,0.0
SWAP_ON_MODIFIED,11,8,36.0
SWAP_ON_MODIFIED,11,9,0.0
SWAP_ON_MODIFIED,11,10,0.0
SWAP_ON_MODIFIED,11,11,36.0
CAS_ON_SHARED,0,0,0.0
CAS_ON_SHARED,0,1,0.0
CAS_ON_SHARED,0,2,0.0
CAS_ON_SHARED,0,3,0.0
CAS_ON_SHARED,0,4,0.0
CAS_ON_SHARED,0,5,0.0
CAS_ON_SHARED,0,6,0.0
CAS_ON_SHARED,0,7,0.0
CAS_ON_SHARED,0,8,0.0
CAS_ON_SHARED,0,9,0.0
CAS_ON_SHARED,0,10,72.0
CAS_ON_SHARED,0,11,36.0
CAS_ON_SHARED,1,0,34.0
CAS_ON_SHARED,1,1,0.0
CAS_ON_SHARED,1,2,0.0
CAS_ON_SHARED,1,3,36.0
CAS_ON_SHARED,1,4,0.0
CAS_ON_SHARED,1,5,0.0
CAS_ON_SHARED,1,6,0.0
CAS_ON_SHARED,1,7,36.0
CAS_ON_SHARED,1,8,0.0
CAS_ON_SHARED,1,9,0.0
CAS_ON_SHARED,1,10,0.0
CAS_ON_SHARED,1,11,0.0
CAS_ON_SHARED,2,0,0.0
CAS_ON_SHARED,2,1,0.0
CAS_ON_SHARED,2,2,0.0
CAS_ON_SHARED,2,3,0.0
CAS_ON_SHARED,2,4,0.0
CAS_ON_SHARED,2,5,0.0
CAS_ON_SHARED,2,6,0.0
CAS_ON_SHARED,2,7,0.0
CAS_ON_SHARED,2,8,36.0
CAS_ON_SHARED,2,9,0.0
CAS_ON_SHARED,2,10,0.0
CAS_ON_SHARED,2,11,0.0
CAS_ON_SHARED,3,0,35.0
CAS_ON_SHARED,3,1,0.0
CAS_ON_SHARED,3,2,0.0
CAS_ON_SHARED,3,3,0.0
CAS_ON_SHARED,3,4,0.0
CAS_ON_SHARED,3,5,36.0
CAS_ON_SHARED,3,6,0.0
CAS_ON_SHARED,3,7,0.0
CAS_ON_SHARED,3,8,0.0
CAS_ON_SHARED,3,9,35.0
CAS_ON_SHARED,3,10,0.0
CAS_ON_SHARED,3,11,0.0
CAS_ON_SHARED,4,0,0.0
CAS_ON_SHARED,4,1,0.0
CAS_ON_SHARED,4,2,0.0
CAS_ON_SHARED,4,3,0.0
CAS_ON_SHARED,4,4,0.0
CAS_ON_SHARED,4,5,0.0
CAS_ON_SHARED,4,6,0.0
CAS_ON_SHARED,4,7,0.0
CAS_ON_SHARED,4,8,0.0
CAS_ON_SHARED,4,9,0.0
CAS_ON_SHARED,4,10,35.0
CAS_ON_SHARED,4,11,0.0
CAS_ON_SHARED,5,0,0.0
CAS_ON_SHARED,5,1,0.0
CAS_ON_SHARED,5,2,0.0
CAS_ON_SHARED,5,3,0.0
CAS_ON_SHARED,5,4,0.0
CAS_ON_SHARED,5,5,0.0
CAS_ON_SHARED,5,6,0.0
CAS_ON_SHARED,5,7,0.0
CAS_ON_SHARED,5,8,0.0
CAS_ON_SHARED,5,9,35.0
CAS_ON_SHARED,5,10,0.0
CAS_ON_SHARED,5,11,0.0
CAS_ON_SHARED,6,0,0.0
CAS_ON_SHARED,6,1,0.0
CAS_ON_SHARED,6,2,36.0
CAS_ON_SHARED,6,3,0.0
CAS_ON_SHARED,6,4,0.0
CAS_ON_SHARED,6,5,0.0
CAS_ON_SHARED,6,6,0.0
CAS_ON_SHARED,6,7,0.0
CAS_ON_SHARED,6,8,0.0
CAS_ON_SHARED,6,9,0.0
CAS_ON_SHARED,6,10,0.0
CAS_ON_SHARED,6,11,0.0
CAS_ON_SHARED,7,0,0.0
CAS_ON_SHARED,7,1,0.0
CAS_ON_SHARED,7,2,0.0
CAS_ON_SHARED,7,3,0.0
CAS_ON_SHARED,7,4,0.0
CAS_ON_SHARED,7,5,0.0
CAS_ON_SHARED,7,6,0.0
CAS_ON_SHARED,7,7,0.0
CAS_ON_SHARED,7,8,0.0
CAS_ON_SHARED,7,9,0.0
CAS_ON_SHARED,7,10,0.0
CAS_ON_SHARED,7,11,0.0
CAS_ON_SHARED,8,0,0.0
CAS_ON_SHARED,8,1,0.0
CAS_ON_SHARED,8,2,0.0
CAS_ON_SHARED,8,3,0.0
CAS_ON_SHARED,8,4,0.0
CAS_ON_SHARED,8,5,0.0
CAS_ON_SHARED,8,6,0.0
CAS_ON_SHARED,8,7,0.0
CAS_ON_SHARED,8,8,0.0
CAS_ON_SHARED,8,9,0.0
CAS_ON_SHARED,8,10,36.0
CAS_ON_SHARED,8,11,0.0
CAS_ON_SHARED,9,0,0.0
CAS_ON_SHARED,9,1,0.0
CAS_ON_SHARED,9,2,0.0
CAS_ON_SHARED,9,3,0.0
CAS_ON_SHARED,9,4,0.0
CAS_ON_SHARED,9,5,0.0
CAS_ON_SHARED,9,6,288.0
CAS_ON_SHARED,9,7,0.0
CAS_ON_SHARED,9,8,36.0
CAS_ON_SHARED,9,9,0.0
CAS_ON_SHARED,9,10,36.0
CAS_ON_SHARED,9,11,0.0
CAS_ON_SHARED,10,0,0.0
CAS_ON_SHARED,10,1,0.0
CAS_ON_SHARED,10,2,0.0
CAS_ON_SHARED,10,3,0.0
CAS_ON_SHARED,10,4,0.0
CAS_ON_SHARED,10,5,36.0
CAS_ON_SHARED,10,6,0.0
CAS_ON_SHARED,10,7,0.0
CAS_ON_SHARED,10,8,0.0
CAS_ON_SHARED,10,9,0.0
CAS_ON_SHARED,10,10,0.0
CAS_ON_SHARED,10,11,0.0
CAS_ON_SHARED,11,0,0.0
CAS_ON_SHARED,11,1,0.0
CAS_ON_SHARED,11,2,0.0
CAS_ON_SHARED,11,3,0.0
CAS_ON_SHARED,11,4,36.0
CAS_ON_SHARED,11,5,36.0
CAS_ON_SHARED,11,6,0.0
CAS_ON_SHARED,11,7,36.0
CAS_ON_SHARED,11,8,0.0
CAS_ON_SHARED,11,9,0.0
CAS_ON_SHARED,11,10,0.0
CAS_ON_SHARED,11,11,0.0
FAI_ON_SHARED,0,0,0.0
FAI_ON_SHARED,0,1,0.0
FAI_ON_SHARED,0,2,0.0
FAI_ON_SHARED,0,3,0.0
FAI_ON_SHARED,0,4,36.0
FAI_ON_SHARED,0,5,0.0
FAI_ON_SHARED,0,6,0.0
FAI_ON_SHARED,0,7,0.0
FAI_ON_SHARED,0,8,0.0
FAI_ON_SHARED,0,9,36.0
FAI_ON_SHARED,0,10,0.0
FAI_ON_SHARED,0,11,0.0
FAI_ON_SHARED,1,0,0.0
FAI_ON_SHARED,1,1,0.0
FAI_ON_SHARED,1,2,0.0
FAI_ON_SHARED,1,3,0.0
FAI_ON_SHARED,1,4,0.0
FAI_ON_SHARED,1,5,0.0
FAI_ON_SHARED,1,6,0.0
FAI_ON_SHARED,1,7,0.0
FAI_ON_SHARED,1,8,0.0
FAI_ON_SHARED,1,9,0.0
FAI_ON_SHARED,1,10,0.0
FAI_ON_SHARED,1,11,36.0
FAI_ON_SHARED,2,0,0.0
FAI_ON_SHARED,2,1,0.0
FAI_ON_SHARED,2,2,0.0
FAI_ON_SHARED,2,3,0.0
FAI_ON_SHARED,2,4,0.0
FAI_ON_SHARED,2,5,0.0
FAI_ON_SHARED,2,6,0.0
FAI_ON_SHARED,2,7,0.0
FAI_ON_SHARED,2,8,0.0
FAI_ON_SHARED,2,9,0.0
FAI_ON_SHARED,2,10,36.0
FAI_ON_SHARED,2,11,0.0
FAI_ON_SHARED,3,0,0.0
FAI_ON_SHARED,3,1,0.0
FAI_ON_SHARED,3,2,0.0
FAI_ON_SHARED,3,3,0.0
FAI_ON_SHARED,3,4,0.0
FAI_ON_SHARED,3,5,0.0
FAI_ON_SHARED,3,6,144.0
FAI_ON_SHARED,3,7,0.0
FAI_ON_SHARED,3,8,0.0
FAI_ON_SHARED,3,9,0.0
FAI_ON_SHARED,3,10,0.0
FAI_ON_SHARED,3,11,0.0
FAI_ON_SHARED,4,0,35.0
FAI_ON_SHARED,4,1,0.0
FAI_ON_SHARED,4,2,0.0
FAI_ON_SHARED,4,3,0.0
FAI_ON_SHARED,4,4,0.0
FAI_ON_SHARED,4,5,0.0
FAI_ON_SHARED,4,6,0.0
FAI_ON_SHARED,4,7,36.0
FAI_ON_SHARED,4,8,0.0
FAI_ON_SHARED,4,9,360.0
FAI_ON_SHARED,4,10,0.0
FAI_ON_SHARED,4,11,0.0
FAI_ON_SHARED,5,0,0.0
FAI_ON_SHARED,5,1,0.0
FAI_ON_SHARED,5,2,0.0
FAI_ON_SHARED,5,3,0.0
FAI_ON_SHARED,5,4,468.0
FAI_ON_SHARED,5,5,0.0
FAI_ON_SHARED,5,6,0.0
FAI_ON_SHARED,5,7,0.0
FAI_ON_SHARED,5,8,0.0
FAI_ON_SHARED,5,9,36.0
FAI_ON_SHARED,5,10,36.0
FAI_ON_SHARED,5,11,36.0
FAI_ON_SHARED,6,0,0.0
FAI_ON_SHARED,6,1,0.0
FAI_ON_SHARED,6,2,0.0
FAI_ON_SHARED,6,3,0.0
FAI_ON_SHARED,6,4,0.0
FAI_ON_SHARED,6,5,0.0
FAI_ON_SHARED,6,6,0.0
FAI_ON_SHARED,6,7,0.0
FAI_ON_SHARED,6,8,36.0
FAI_ON_SHARED,6,9,0.0
FAI_ON_SHARED,6,10,0.0
FAI_ON_SHARED,6,11,0.0
FAI_ON_SHARED,7,0,0.0
FAI_ON_SHARED,7,1,0.0
FAI_ON_SHARED,7,2,36.0
FAI_ON_SHARED,7,3,36.0
FAI_ON_SHARED,7,4,252.0
FAI_ON_SHARED,7,5,0.0
FAI_ON_SHARED,7,6,0.0
FAI_ON_SHARED,7,7,0.0
FAI_ON_SHARED,7,8,0.0
FAI_ON_SHARED,7,9,36.0
FAI_ON_SHARED,7,10,0.0
FAI_ON_SHARED,7,11,0.0
FAI_ON_SHARED,8,0,0.0
FAI_ON_SHARED,8,1,0.0
FAI_ON_SHARED,8,2,0.0
FAI_ON_SHARED,8,3,0.0
FAI_ON_SHARED,8,4,0.0
FAI_ON_SHARED,8,5,0.0
FAI_ON_SHARED,8,6,0.0
FAI_ON_SHARED,8,7,36.0
FAI_ON_SHARED,8,8,0.0
FAI_ON_SHARED,8,9,0.0
FAI_ON_SHARED,8,10,0.0
FAI_ON_SHARED,8,11,0.0
FAI_ON_SHARED,9,0,35.0
FAI_ON_SHARED,9,1,0.0
FAI_ON_SHARED,9,2,0.0
FAI_ON_SHARED,9,3,0.0
FAI_ON_SHARED,9,4,0.0
FAI_ON_SHARED,9,5,0.0
FAI_ON_SHARED,9,6,0.0
FAI_ON_SHARED,9,7,0.0
FAI_ON_SHARED,9,8,0.0
FAI_ON_SHARED,9,9,0.0
FAI_ON_SHARED,9,10,0.0
FAI_ON_SHARED,9,11,0.0
FAI_ON_SHARED,10,0,0.0
FAI_ON_SHARED,10,1,0.0
FAI_ON_SHARED,10,2,0.0
FAI_ON_SHARED,10,3,0.0
FAI_ON_SHARED,10,4,36.0
FAI_ON_SHARED,10,5,36.0
FAI_ON_SHARED,10,6,0.0
FAI_ON_SHARED,10,7,0.0
FAI_ON_SHARED,10,8,0.0
FAI_ON_SHARED,10,9,0.0
FAI_ON_SHARED,10,10,0.0
FAI_ON_SHARED,10,11,0.0
FAI_ON_SHARED,11,0,35.0
FAI_ON_SHARED,11,1,0.0
FAI_ON_SHARED,11,2,36.0
FAI_ON_SHARED,11,3,0.0
FAI_ON_SHARED,11,4,0.0
FAI_ON_SHARED,11,5,0.0
FAI_ON_SHARED,11,6,35.0
FAI_ON_SHARED,11,7,0.0
FAI_ON_SHARED,11,8,0.0
FAI_ON_SHARED,11,9,0.0
FAI_ON_SHARED,11,10,36.0
FAI_ON_SHARED,11,11,0.0
TAS_ON_SHARED,0,0,0.0
TAS_ON_SHARED,0,1,0.0
TAS_ON_SHARED,0,2,0.0
TAS_ON_SHARED,0,3,0.0
TAS_ON_SHARED,0,4,0.0
TAS_ON_SHARED,0,5,36.0
TAS_ON_SHARED,0,6,35.0
TAS_ON_SHARED,0,7,0.0
TAS_ON_SHARED,0,8,0.0
TAS_ON_SHARED,0,9,0.0
TAS_ON_SHARED,0,10,0.0
TAS_ON_SHARED,0,11,0.0
TAS_ON_SHARED,1,0,0.0
TAS_ON_SHARED,1,1,0.0
TAS_ON_SHARED,1,2,0.0
TAS_ON_SHARED,1,3,36.0
TAS_ON_SHARED,1,4,36.0
TAS_ON_SHARED,1,5,0.0
TAS_ON_SHARED,1,6,0.0
TAS_ON_SHARED,1,7,36.0
TAS_ON_SHARED,1,8,0.0
TAS_ON_SHARED,1,9,0.0
TAS_ON_SHARED,1,10,0.0
TAS_ON_SHARED,1,11,0.0
TAS_ON_SHARED,2,0,72.0
TAS_ON_SHARED,2,1,0.0
TAS_ON_SHARED,2,2,0.0
TAS_ON_SHARED,2,3,0.0
TAS_ON_SHARED,2,4,0.0
TAS_ON_SHARED,2,5,0.0
TAS_ON_SHARED,2,6,0.0
TAS_ON_SHARED,2,7,0.0
TAS_ON_SHARED,2,8,36.0
TAS_ON_SHARED,2,9,0.0
TAS_ON_SHARED,2,10,0.0
TAS_ON_SHARED,2,11,0.0
TAS_ON_SHARED,3,0,0.0
TAS_ON_SHARED,3,1,0.0
TAS_ON_SHARED,3,2,36.0
TAS_ON_SHARED,3,3,0.0
TAS_ON_SHARED,3,4,0.0
TAS_ON_SHARED,3,5,0.0
TAS_ON_SHARED,3,6,0.0
TAS_ON_SHARED,3,7,0.0
TAS_ON_SHARED,3,8,0.0
TAS_ON_SHARED,3,9,0.0
TAS_ON_SHARED,3,10,0.0
TAS_ON_SHARED,3,11,0.0
TAS_ON_SHARED,4,0,0.0
TAS_ON_SHARED,4,1,0.0
TAS_ON_SHARED,4,2,0.0
TAS_ON_SHARED,4,3,0.0
TAS_ON_SHARED,4,4,0.0
TAS_ON_SHARED,4,5,0.0
TAS_ON_SHARED,4,6,0.0
TAS_ON_SHARED,4,7,0.0
TAS_ON_SHARED,4,8,36.0
TAS_ON_SHARED,4,9,0.0
TAS_ON_SHARED,4,10,0.0
TAS_ON_SHARED,4,11,0.0
TAS_ON_SHARED,5,0,35.0
TAS_ON_SHARED,5,1,0.0
TAS_ON_SHARED,5,2,0.0
TAS_ON_SHARED,5,3,0.0
TAS_ON_SHARED,5,4,0.0
TAS_ON_SHARED,5,5,0.0
TAS_ON_SHARED,5,6,0.0
TAS_ON_SHARED,5,7,0.0
TAS_ON_SHARED,5,8,0.0
TAS_ON_SHARED,5,9,0.0
TAS_ON_SHARED,5,10,0.0
TAS_ON_SHARED,5,11,0.0
TAS_ON_SHARED,6,0,0.0
TAS_ON_SHARED,6,1,0.0
TAS_ON_SHARED,6,2,36.0
TAS_ON_SHARED,6,3,0.0
TAS_ON_SHARED,6,4,0.0
TAS_ON_SHARED,6,5,36.0
TAS_ON_SHARED,6,6,0.0
TAS_ON_SHARED,6,7,0.0
TAS_ON_SHARED,6,8,36.0
TAS_ON_SHARED,6,9,0.0
TAS_ON_SHARED,6,10,0.0
TAS_ON_SHARED,6,11,0.0
TAS_ON_SHARED,7,0,0.0
TAS_ON_SHARED,7,1,0.0
TAS_ON_SHARED,7,2,0.0
TAS_ON_SHARED,7,3,0.0
TAS_ON_SHARED,7,4,0.0
TAS_ON_SHARED,7,5,0.0
TAS_ON_SHARED,7,6,0.0
TAS_ON_SHARED,7,7,0.0
TAS_ON_SHARED,7,8,0.0
TAS_ON_SHARED,7,9,0.0
TAS_ON_SHARED,7,10,0.0
TAS_ON_SHARED,7,11,0.0
TAS_ON_SHARED,8,0,0.0
TAS_ON_SHARED,8,1,0.0
TAS_ON_SHARED,8,2,0.0
TAS_ON_SHARED,8,3,0.0
TAS_ON_SHARED,8,4,0.0
TAS_ON_SHARED,8,5,0.0
TAS_ON_SHARED,8,6,0.0
TAS_ON_SHARED,8,7,0.0
TAS_ON_SHARED,8,8,0.0
TAS_ON_SHARED,8,9,0.0
TAS_ON_SHARED,8,10,0.0
TAS_ON_SHARED,8,11,0.0
TAS_ON_SHARED,9,0,0.0
TAS_ON_SHARED,9,1,0.0
TAS_ON_SHARED,9,2,0.0
TAS_ON_SHARED,9,3,0.0
TAS_ON_SHARED,9,4,36.0
TAS_ON_SHARED,9,5,0.0
TAS_ON_SHARED,9,6,0.0
TAS_ON_SHARED,9,7,0.0
TAS_ON_SHARED,9,8,0.0
TAS_ON_SHARED,9,9,35.0
TAS_ON_SHARED,9,10,0.0
TAS_ON_SHARED,9,11,0.0
TAS_ON_SHARED,10,0,0.0
TAS_ON_SHARED,10,1,0.0
TAS_ON_SHARED,10,2,36.0
TAS_ON_SHARED,10,3,0.0
TAS_ON_SHARED,10,4,0.0
TAS_ON_SHARED,10,5,0.0
TAS_ON_SHARED,10,6,0.0
TAS_ON_SHARED,10,7,0.0
TAS_ON_SHARED,10,8,0.0
TAS_ON_SHARED,10,9,0.0
TAS_ON_SHARED,10,10,0.0
TAS_ON_SHARED,10,11,0.0
TAS_ON_SHARED,11,0,0.0
TAS_ON_SHARED,11,1,0.0
TAS_ON_SHARED,11,2,0.0
TAS_ON_SHARED,11,3,0.0
TAS_ON_SHARED,11,4,36.0
TAS_ON_SHARED,11,5,0.0
TAS_ON_SHARED,11,6,0.0
TAS_ON_SHARED,11,7,0.0
TAS_ON_SHARED,11,8,0.0
TAS_ON_SHARED,11,9,0.0
TAS_ON_SHARED,11,10,0.0
TAS_ON_SHARED,11,11,0.0
SWAP_ON_SHARED,0,0,0.0
SWAP_ON_SHARED,0,1,0.0
SWAP_ON_SHARED,0,2,0.0
SWAP_ON_SHARED,0,3,0.0
SWAP_ON_SHARED,0,4,0.0
SWAP_ON_SHARED,0,5,36.0
SWAP_ON_SHARED,0,6,0.0
SWAP_ON_SHARED,0,7,0.0
SWAP_ON_SHARED,0,8,0.0
SWAP_ON_SHARED,0,9,0.0
SWAP_ON_SHARED,0,10,0.0
SWAP_ON_SHARED,0,11,36.0
SWAP_ON_SHARED,1,0,0.0
SWAP_ON_SHARED,1,1,0.0
SWAP_ON_SHARED,1,2,0.0
SWAP_ON_SHARED,1,3,0.0
SWAP_ON_SHARED,1,4,0.0
SWAP_ON_SHARED,1,5,0.0
SWAP_ON_SHARED,1,6,0.0
SWAP_ON_SHARED,1,7,36.0
SWAP_ON_SHARED,1,8,0.0
SWAP_ON_SHARED,1,9,0.0
SWAP_ON_SHARED,1,10,0.0
SWAP_ON_SHARED,1,11,0.0
SWAP_ON_SHARED,2,0,0.0
SWAP_ON_SHARED,2,1,0.0
SWAP_ON_SHARED,2,2,0.0
SWAP_ON_SHARED,2,3,0.0
SWAP_ON_SHARED,2,4,36.0
SWAP_ON_SHARED,2,5,36.0
SWAP_ON_SHARED,2,6,0.0
SWAP_ON_SHARED,2,7,36.0
SWAP_ON_SHARED,2,8,0.0
SWAP_ON_SHARED,2,9,36.0
SWAP_ON_SHARED,2,10,0.0
SWAP_ON_SHARED,2,11,34.0
SWAP_ON_SHARED,3,0,34.0
SWAP_ON_SHARED,3,1,36.0
SWAP_ON_SHARED,3,2,36.0
SWAP_ON_SHARED,3,3,0.0
SWAP_ON_SHARED,3,4,0.0
SWAP_ON_SHARED,3,5,0.0
SWAP_ON_SHARED,3,6,0.0
SWAP_ON_SHARED,3,7,0.0
SWAP_ON_SHARED,3,8,0.0
SWAP_ON_SHARED,3,9,0.0
SWAP_ON_SHARED,3,10,0.0
SWAP_ON_SHARED,3,11,0.0
SWAP_ON_SHARED,4,0,0.0
SWAP_ON_SHARED,4,1,36.0
SWAP_ON_SHARED,4,2,0.0
SWAP_ON_SHARED,4,3,0.0
SWAP_ON_SHARED,4,4,0.0
SWAP_ON_SHARED,4,5,0.0
SWAP_ON_SHARED,4,6,0.0
SWAP_ON_SHARED,4,7,0.0
SWAP_ON_SHARED,4,8,0.0
SWAP_ON_SHARED,4,9,36.0
SWAP_ON_SHARED,4,10,252.0
SWAP_ON_SHARED,4,11,0.0
SWAP_ON_SHARED,5,0,0.0
SWAP_ON_SHARED,5,1,0.0
SWAP_ON_SHARED,5,2,0.0
SWAP_ON_SHARED,5,3,0.0
SWAP_ON_SHARED,5,4,0.0
SWAP_ON_SHARED,5,5,0.0
SWAP_ON_SHARED,5,6,0.0
SWAP_ON_SHARED,5,7,0.0
SWAP_ON_SHARED,5,8,0.0
SWAP_ON_SHARED,5,9,0.0
SWAP_ON_SHARED,5,10,0.0
SWAP_ON_SHARED,5,11,0.0
SWAP_ON_SHARED,6,0,0.0
SWAP_ON_SHARED,6,1,0.0
SWAP_ON_SHARED,6,2,36.0
SWAP_ON_SHARED,6,3,0.0
SWAP_ON_SHARED,6,4,0.0
SWAP_ON_SHARED,6,5,0.0
SWAP_ON_SHARED,6,6,0.0
SWAP_ON_SHARED,6,7,0.0
SWAP_ON_SHARED,6,8,0.0
SWAP_ON_SHARED,6,9,0.0
SWAP_ON_SHARED,6,10,0.0
SWAP_ON_SHARED,6,11,0.0
SWAP_ON_SHARED,7,0,0.0
SWAP_ON_SHARED,7,1,0.0
SWAP_ON_SHARED,7,2,0.0
SWAP_ON_SHARED,7,3,0.0
SWAP_ON_SHARED,7,4,0.0
SWAP_ON_SHARED,7,5,252.0
SWAP_ON_SHARED,7,6,0.0
SWAP_ON_SHARED,7,7,0.0
SWAP_ON_SHARED,7,8,0.0
SWAP_ON_SHARED,7,9,36.0
SWAP_ON_SHARED,7,10,0.0
SWAP_ON_SHARED,7,11,36.0
SWAP_ON_SHARED,8,0,35.0
SWAP_ON_SHARED,8,1,0.0
SWAP_ON_SHARED,8,2,0.0
SWAP_ON_SHARED,8,3,0.0
SWAP_ON_SHARED,8,4,0.0
SWAP_ON_SHARED,8,5,36.0
SWAP_ON_SHARED,8,6,0.0
SWAP_ON_SHARED,8,7,0.0
SWAP_ON_SHARED,8,8,0.0
SWAP_ON_SHARED,8,9,0.0
SWAP_ON_SHARED,8,10,0.0
SWAP_ON_SHARED,8,11,36.0
SWAP_ON_SHARED,9,0,0.0
SWAP_ON_SHARED,9,1,0.0
SWAP_ON_SHARED,9,2,0.0
SWAP_ON_SHARED,9,3,0.0
SWAP_ON_SHARED,9,4,0.0
SWAP_ON_SHARED,9,5,504.0
SWAP_ON_SHARED,9,6,0.0
SWAP_ON_SHARED,9,7,0.0
SWAP_ON_SHARED,9,8,0.0
SWAP_ON_SHARED,9,9,0.0
SWAP_ON_SHARED,9,10,36.0
SWAP_ON_SHARED,9,11,36.0
SWAP_ON_SHARED,10,0,35.0
SWAP_ON_SHARED,10,1,0.0
SWAP_ON_SHARED,10,2,0.0
SWAP_ON_SHARED,10,3,0.0
SWAP_ON_SHARED,10,4,0.0
SWAP_ON_SHARED,10,5,0.0
SWAP_ON_SHARED,10,6,0.0
SWAP_ON_SHARED,10,7,0.0
SWAP_ON_SHARED,10,8,0.0
SWAP_ON_SHARED,10,9,0.0
SWAP_ON_SHARED,10,10,0.0
SWAP_ON_SHARED,10,11,36.0
SWAP_ON_SHARED,11,0,0.0
SWAP_ON_SHARED,11,1,0.0
SWAP_ON_SHARED,11,2,0.0
SWAP_ON_SHARED,11,3,0.0
SWAP_ON_SHARED,11,4,36.0
SWAP_ON_SHARED,11,5,0.0
SWAP_ON_SHARED,11,6,395.0
SWAP_ON_SHARED,11,7,0.0
SWAP_ON_SHARED,11,8,0.0
SWAP_ON_SHARED,11,9,0.0
SWAP_ON_SHARED,11,10,0.0
SWAP_ON_SHARED,11,11,0.0
CAS_CONCURRENT,0,0,36.0
CAS_CONCURRENT,0,1,0.0
CAS_CONCURRENT,0,2,0.0
CAS_CONCURRENT,0,3,0.0
CAS_CONCURRENT,0,4,0.0
CAS_CONCURRENT,0,5,0.0
CAS_CONCURRENT,0,6,0.0
CAS_CONCURRENT,0,7,0.0
CAS_CONCURRENT,0,8,0.0
CAS_CONCURRENT,0,9,0.0
CAS_CONCURRENT,0,10,0.0
CAS_CONCURRENT,0,11,0.0
CAS_CONCURRENT,1,0,0.0
CAS_CONCURRENT,1,1,35.0
CAS_CONCURRENT,1,2,0.0
CAS_CONCURRENT,1,3,0.0
CAS_CONCURRENT,1,4,0.0
CAS_CONCURRENT,1,5,0.0
CAS_CONCURRENT,1,6,0.0
CAS_CONCURRENT,1,7,0.0
CAS_CONCURRENT,1,8,0.0
CAS_CONCURRENT,1,9,0.0
CAS_CONCURRENT,1,10,0.0
CAS_CONCURRENT,1,11,0.0
CAS_CONCURRENT,2,0,0.0
CAS_CONCURRENT,2,1,0.0
CAS_CONCURRENT,2,2,35.0
CAS_CONCURRENT,2,3,0.0
CAS_CONCURRENT,2,4,0.0
CAS_CONCURRENT,2,5,0.0
CAS_CONCURRENT,2,6,0.0
CAS_CONCURRENT,2,7,0.0
CAS_CONCURRENT,2,8,0.0
CAS_CONCURRENT,2,9,0.0
CAS_CONCURRENT,2,10,0.0
CAS_CONCURRENT,2,11,0.0
CAS_CONCURRENT,3,0,0.0
CAS_CONCURRENT,3,1,0.0
CAS_CONCURRENT,3,2,0.0
CAS_CONCURRENT,3,3,71.0
CAS_CONCURRENT,3,4,0.0
CAS_CONCURRENT,3,5,0.0
CAS_CONCURRENT,3,6,0.0
CAS_CONCURRENT,3,7,0.0
CAS_CONCURRENT,3,8,0.0
CAS_CONCURRENT,3,9,0.0
CAS_CONCURRENT,3,10,0.0
CAS_CONCURRENT,3,11,0.0
CAS_CONCURRENT,4,0,0.0
CAS_CONCURRENT,4,1,0.0
CAS_CONCURRENT,4,2,0.0
CAS_CONCURRENT,4,3,0.0
CAS_CONCURRENT,4,4,0.0
CAS_CONCURRENT,4,5,0.0
CAS_CONCURRENT,4,6,0.0
CAS_CONCURRENT,4,7,0.0
CAS_CONCURRENT,4,8,0.0
CAS_CONCURRENT,4,9,0.0
CAS_CONCURRENT,4,10,0.0
CAS_CONCURRENT,4,11,0.0
CAS_CONCURRENT,5,0,0.0
CAS_CONCURRENT,5,1,0.0
CAS_CONCURRENT,5,2,0.0
CAS_CONCURRENT,5,3,0.0
CAS_CONCURRENT,5,4,0.0
CAS_CONCURRENT,5,5,0.0
CAS_CONCURRENT,5,6,0.0
CAS_CONCURRENT,5,7,0.0
CAS_CONCURRENT,5,8,0.0
CAS_CONCURRENT,5,9,0.0
CAS_CONCURRENT,5,10,0.0
CAS_CONCURRENT,5,11,0.0
CAS_CONCURRENT,6,0,0.0
CAS_CONCURRENT,6,1,0.0
CAS_CONCURRENT,6,2,0.0
CAS_CONCURRENT,6,3,0.0
CAS_CONCURRENT,6,4,0.0
CAS_CONCURRENT,6,5,0.0
CAS_CONCURRENT,6,6,0.0
CAS_CONCURRENT,6,7,0.0
CAS_CONCURRENT,6,8,0.0
CAS_CONCURRENT,6,9,0.0
CAS_CONCURRENT,6,10,0.0
CAS_CONCURRENT,6,11,0.0
CAS_CONCURRENT,7,0,0.0
CAS_CONCURRENT,7,1,0.0
CAS_CONCURRENT,7,2,0.0
CAS_CONCURRENT,7,3,0.0
CAS_CONCURRENT,7,4,0.0
CAS_CONCURRENT,7,5,0.0
CAS_CONCURRENT,7,6,0.0
CAS_CONCURRENT,7,7,0.0
CAS_CONCURRENT,7,8,0.0
CAS_CONCURRENT,7,9,0.0
CAS_CONCURRENT,7,10,0.0
CAS_CONCURRENT,7,11,0.0
CAS_CONCURRENT,8,0,0.0
CAS_CONCURRENT,8,1,0.0
CAS_CONCURRENT,8,2,0.0
CAS_CONCURRENT,8,3,0.0
CAS_CONCURRENT,8,4,0.0
CAS_CONCURRENT,8,5,0.0
CAS_CONCURRENT,8,6,0.0
CAS_CONCURRENT,8,7,0.0
CAS_CONCURRENT,8,8,36.0
CAS_CONCURRENT,8,9,0.0
CAS_CONCURRENT,8,10,0.0
CAS_CONCURRENT,8,11,0.0
CAS_CONCURRENT,9,0,0.0
CAS_CONCURRENT,9,1,0.0
CAS_CONCURRENT,9,2,0.0
CAS_CONCURRENT,9,3,0.0
CAS_CONCURRENT,9,4,0.0
CAS_CONCURRENT,9,5,0.0
CAS_CONCURRENT,9,6,0.0
CAS_CONCURRENT,9,7,0.0
CAS_CONCURRENT,9,8,0.0
CAS_CONCURRENT,9,9,36.0
CAS_CONCURRENT,9,10,0.0
CAS_CONCURRENT,9,11,0.0
CAS_CONCURRENT,10,0,0.0
CAS_CONCURRENT,10,1,0.0
CAS_CONCURRENT,10,2,0.0
CAS_CONCURRENT,10,3,0.0
CAS_CONCURRENT,10,4,0.0
CAS_CONCURRENT,10,5,0.0
CAS_CONCURRENT,10,6,0.0
CAS_CONCURRENT,10,7,0.0
CAS_CONCURRENT,10,8,0.0
CAS_CONCURRENT,10,9,0.0
CAS_CONCURRENT,10,10,71.0
CAS_CONCURRENT,10,11,0.0
CAS_CONCURRENT,11,0,0.0
CAS_CONCURRENT,11,1,0.0
CAS_CONCURRENT,11,2,0.0
CAS_CONCURRENT,11,3,0.0
CAS_CONCURRENT,11,4,0.0
CAS_CONCURRENT,11,5,0.0
CAS_CONCURRENT,11,6,0.0
CAS_CONCURRENT,11,7,0.0
CAS_CONCURRENT,11,8,0.0
CAS_CONCURRENT,11,9,0.0
CAS_CONCURRENT,11,10,0.0
CAS_CONCURRENT,11,11,0.0
